1.2089,7.7695
8.3931,4.2842
-1.5289,7.5543
4.0069,3.3824
6.3749,1.0753
3.938,2.4171
1.7535,6.6409
4.4824,9.0879
4.1912,5.5199
3.9215,5.7994
4.2432,7.3286
2.5965,-1.7104
7.2806,4.9957
8.5759,1.2645
6.6396,5.0246
5.2456,9.2455
3.2576,6.9258
0.62041,10.884
0.031264,2.5074
8.5902,0.05232
3.6385,10.845
-2.1645,5.0836
2.1094,1.2173
4.2434,5.7917
6.3661,9.4273
4.4775,6.5698
3.2067,6.8097
3.6099,4.073
4.7932,5.2136
2.8368,4.2609
4.5493,2.2228
4.577,10.532
6.395,6.5521
4.6589,7.8327
6.8725,3.6743
6.8117,2.8046
4.2167,4.5975
11.964,9.6472
3.0439,8.5582
-0.057652,4.0884
5.7207,8.0611
4.4053,-0.33705
4.9729,1.8651
3.7889,5.3828
4.2643,3.6698
5.5877,10.772
1.8666,8.2468
1.201,0.561
2.2604,6.7886
1.4598,8.1533
5.3024,6.9333
1.2249,8.8357
1.5935,7.0034
2.6509,4.5973
3.4122,7.6356
4.3111,5.7355
-0.12761,0.2126
8.9705,9.7515
-1.4471,0.9393
3.9144,3.3516
-1.5687,7.3494
7.762,8.3553
0.59515,12.523
5.2996,4.6193
2.0271,5.4537
5.3168,11.67
-2.005,10.621
6.5071,7.7475
5.3487,2.8042
1.0321,5.6231
5.6664,1.0519
1.9241,2.2388
1.1256,3.7002
2.9866,9.6204
0.85582,7.8686
6.4474,6.4635
5.6531,9.448
2.3966,2.406
2.8881,6.445
0.75644,9.5873
1.5664,3.5907
3.1686,3.0473
4.1281,3.0004
-0.27629,4.3424
-0.61267,6.4225
-0.34603,9.5706
5.6774,6.207
5.3853,6.4021
2.3043,1.1719
5.1206,11.637
4.2792,4.7012
9.7148,7.1791
-2.3655,8.3157
0.50724,5.2643
2.7856,6.5771
6.0736,2.5268
9.3927,10.343
1.7185,5.0631
11.43,6.1126
10.176,8.4425
4.6187,3.7148
5.4538,7.8188
4.8939,1.6604
0.45562,6.2723
-1.2449,7.6377
6.3259,5.34
2.9971,4.0154
2.9207,5.8901
-0.11623,6.2828
1.8254,5.1482
1.1646,4.1976
5.2787,3.9049
4.862,4.5421
0.50432,4.526
6.2471,12.725
4.2925,7.1229
9.3766,4.187
4.2381,6.5762
2.6594,3.4563
2.5,2.7708
6.9667,6.1246
6.8273,3.5483
4.3267,3.8168
6.2157,3.459
4.0026,3.4147
2.8907,4.4096
6.0473,6.9277
4.906,4.6336
9.5846,8.2852
1.2146,2.8729
4.7967,7.0785
4.7176,10.105
3.5848,6.7999
8.1026,6.7011
3.0534,6.3293
5.9008,5.2479
1.9629,-3.378
5.534,-2.8933
13.3,5.1494
3.4297,3.4754
8.6295,5.8384
6.0094,3.5491
3.6064,4.6451
3.4409,1.9033
5.8915,3.7989
-0.88239,3.4996
3.848,7.5998
-1.1229,10.168
1.9071,4.3851
3.7687,4.8297
2.9611,1.8708
3.6434,3.7884
6.0962,6.121
11.681,3.8097
-0.0076183,0.89035
4.2102,7.7414
4.8609,3.2704
1.8094,5.0324
2.0129,7.0435
4.354,9.0736
3.8255,7.5629
8.4727,-0.42063
1.4777,0.82449
4.5638,8.5688
1.4464,4.3944
3.3177,4.3001
3.8666,6.3194
4.6315,9.4745
4.5015,5.7222
5.6663,3.1545
8.0101,7.0325
3.9873,3.9924
4.4779,8.4883
3.5688,6.0099
2.2694,5.5678
6.0331,6.8181
5.4441,4.4771
3.1144,4.3626
8.1911,8.6514
4.0701,-0.40638
-2.1829,0.93656
0.055114,5.3752
5.056,5.1382
0.19088,7.8898
5.6093,8.0546
0.23967,0.46029
2.0553,2.7837
2.6503,2.7638
5.794,6.993
1.9349,6.0997
5.9788,5.1311
4.0178,6.5105
2.3081,10.121
4.9138,8.9367
4.819,8.4695
6.0698,3.2386
9.2123,6.5838
2.1553,4.342
4.5535,4.8071
5.3057,-0.35447
6.1586,0.68255
1.017,6.4467
9.0881,5.6543
2.8279,11.71
9.1938,0.24759
3.0032,5.7335
1.3151,2.8224
6.1602,3.524
0.26008,3.5646
4.3521,2.0632
-0.34865,4.8264
3.6509,4.7757
8.6553,2.037
12.096,1.6064
4.2147,3.8735
0.0060064,6.1568
4.4727,5.8038
5.3104,5.9399
3.5966,7.062
9.2887,3.4209
2.7156,9.1821
6.1411,2.9946
3.9023,4.8502
4.8962,4.0723
2.3142,4.1097
7.3288,-0.074408
-3.1172,5.2932
2.3318,5.6069
-3.9721,6.4899
3.2953,9.5727
2.7715,3.9263
6.4177,3.0272
5.7542,-0.45363
2.5964,3.819
9.045,9.2839
5.4457,9.7533
9.3334,5.1109
1.6617,6.0505
0.35022,2.3833
6.282,3.5476
0.69286,5.266
2.2657,4.5092
7.0854,6.1517
-0.28372,8.6856
4.8249,7.6646
0.56566,1.8598
3.6613,5.5722
-0.084382,2.1245
4.811,6.0224
1.8185,4.8868
5.3274,3.4882
10.479,6.5241
5.8385,7.4732
-0.82491,8.3197
4.7719,4.1941
8.655,4.3844
6.0493,5.3824
4.3459,3.2194
7.1084,5.8229
0.83391,4.2502
5.8882,5.6715
0.72325,0.16144
7.5316,5.6958
5.9845,1.2744
9.3642,5.4761
8.4099,2.706
6.4694,4.6498
5.06,1.4889
3.0515,1.4385
3.8915,3.5708
7.1666,2.5946
2.119,3.3344
1.5097,4.2372
5.5289,2.2877
0.66978,6.5219
5.9373,0.25245
7.21,5.6557
4.904,-0.12189
6.3165,5.1801
7.9555,2.708
4.6879,3.1288
6.1751,3.5931
6.5474,2.2004
6.3549,-1.2362
0.49591,4.3389
0.95372,10.049
-0.73797,9.6503
5.5564,4.0724
3.6033,4.3181
3.846,2.9229
5.4576,6.1287
5.0695,2.1189
6.0781,-0.89356
3.9225,4.5869
2.0568,-1.2281
9.0123,1.3122
1.5991,11.922
8.7936,7.4053
1.1214,4.1916
-0.19727,6.1832
7.3232,0.89459
1.1341,4.2356
2.7259,5.7296
3.22,4.5218
3.5209,5.0214
3.9585,2.772
2.5271,6.4135
-1.2132,-2.2097
8.3816,4.9953
7.3172,9.9189
3.8311,10.975
7.461,5.8591
6.0584,4.3906
3.7584,6.1324
2.6807,7.8342
1.0068,6.2212
2.6406,4.7997
3.388,1.9567
-1.4138,3.1871
1.2282,2.4598
4.74,10.479
12.336,5.59
1.617,3.5695
6.2516,11.255
4.8136,3.5199
5.125,3.2606
0.31105,-1.4105
4.7562,4.2879
5.6887,5.2616
3.2578,4.7505
5.0767,2.2568
3.762,4.9155
6.6658,4.4639
7.7459,6.1333
4.8217,2.24
7.8848,6.5578
0.16188,15.352
-5.3377,10.729
3.0371,8.3737
3.0042,7.0023
4.187,0.12844
5.8749,3.9587
2.6791,1.4954
3.9613,6.7572
0.72764,4.2006
2.3443,3.9778
5.2199,4.3958
7.8778,4.1425
6.63,6.7199
2.6863,8.0885
4.3845,6.6617
4.7574,6.0112
0.48403,4.6764
3.7568,6.7912
4.2007,-1.129
5.352,5.8374
2.4688,2.0665
9.0386,0.83843
6.0509,1.3002
2.2816,2.3272
3.606,7.5846
5.5715,5.0683
-1.3015,1.8924
3.3746,0.95953
9.0401,0.37776
2.3226,3.9073
6.6843,3.1763
0.23376,6.4234
-2.5229,6.5183
8.6874,6.8094
-0.5945,5.8947
-1.214,4.5463
6.5236,1.3213
-0.13706,1.635
3.2302,5.1963
6.1701,8.3235
8.2363,10.408
3.6814,7.0739
1.108,5.2103
3.8697,3.514
2.3838,5.0209
9.5685,0.40534
5.8412,1.7473
5.9274,10.69
7.1399,4.597
5.4979,7.1006
0.083709,7.5708
5.7239,2.7085
8.6487,4.58
4.9966,3.6618
4.9766,7.1453
6.087,5.5365
3.7317,0.92118
6.6473,0.82006
3.7755,3.2291
2.3158,2.7221
4.6082,3.2191
3.2061,3.2191
4.3884,0.95994
0.22113,4.079
6.8462,-1.2887
0.36006,2.6646
2.8185,6.4239
5.7341,2.8661
0.015939,1.6578
4.805,6.4608
5.2005,3.354
1.8529,3.1615
2.971,5.5727
2.3328,0.052223
0.038988,5.0171
1.3903,6.9753
5.4087,7.0116
2.6666,3.8632
9.5761,4.4883
2.5894,5.6041
4.2984,0.44313
0.68605,8.3202
0.97535,4.5443
-1.3931,1.8351
2.5295,2.2321
7.3614,-0.91896
4.6707,0.79056
2.3798,4.9659
2.9459,13.048
3.7659,7.3822
0.52134,3.401
5.1691,3.6031
2.4343,4.0952
4.811,8.977
4.3837,4.1087
-0.807,8.3578
9.6251,4.3152
3.9108,3.3055
4.4339,5.2932
9.9166,1.7795
3.1531,6.28
8.5903,8.4225
9.1529,8.844
5.5315,8.8752
4.6247,9.146
5.5085,8.8864
9.1592,6.7901
3.4606,4.2118
7.3516,8.5509
6.0838,1.5931
4.0259,0.91779
4.8599,3.8083
3.7143,4.8625
1.7735,9.8638
6.2763,9.4285
4.9899,3.845
2.8646,1.5945
-2.9494,5.4528
0.19768,12.245
7.769,8.1587
4.5405,3.3807
5.7134,0.73878
2.8773,7.613
6.3754,7.5995
-2.9849,4.0469
11.508,6.8571
4.8981,6.3369
8.5042,5.618
3.3382,9.0731
4.2998,2.9341
3.9025,4.3814
6.4535,5.2681
0.38223,5.8626
1.7831,4.7667
4.3107,1.245
6.2694,4.0666
3.4024,0.42637
1.5496,4.8857
-2.6662,1.1572
4.4315,-1.0315
4.6929,-1.8575
4.026,4.6477
5.981,8.838
4.6877,5.9145
8.73,2.4497
8.2694,2.0834
1.1553,5.9517
5.7103,5.484
6.9748,5.5048
2.7077,8.7674
5.9165,3.1954
2.8348,4.4369
5.6629,7.5591
1.8235,6.2626
5.4355,2.6274
0.19101,3.338
-0.36126,11.893
7.1465,1.4092
6.1697,7.9898
7.8935,6.7616
4.8164,2.2776
6.1978,3.2677
1.9484,5.1476
2.0864,12.058
0.83946,-0.50099
2.8057,5.9348
2.5268,1.6102
1.0673,10.044
3.497,6.4532
2.6407,3.2711
1.6005,5.3506
6.8388,6.8315
5.8389,10.27
7.1092,6.3546
9.5795,4.6521
3.4915,5.3321
2.27,9.3651
7.1473,2.5948
7.8566,6.6876
0.35632,5.8844
6.4756,-0.60585
3.1723,6.5189
0.21924,4.8408
5.8393,6.9225
4.4583,2.2292
3.2417,4.1998
3.0584,4.4418
4.1803,8.4153
2.0828,5.8661
5.9778,4.9118
3.3529,10.376
7.124,6.8702
3.0077,1.0112
6.9486,5.2902
2.9551,7.2338
6.6926,7.477
3.2049,7.5295
11.88,10.792
2.2533,12.821
10.589,3.3504
7.321,5.6463
4.7578,5.0178
4.7191,5.6393
-3.3143,4.8955
5.0878,6.3963
4.9033,5.0091
7.8054,7.8151
3.895,7.5186
8.6082,5.5614
3.194,5.8805
4.82,-0.48421
3.2344,3.926
7.502,3.8085
9.2592,6.1736
-0.006275,2.9138
1.0911,-1.5582
5.5747,2.2247
9.2485,2.9328
5.1741,-2.7112
5.8093,5.5333
3.1333,8.5032
2.2391,2.813
7.9009,6.7513
10.771,5.8014
0.1906,7.9306
3.5513,3.5182
1.5113,7.8109
2.2113,4.8304
1.9056,2.2657
-0.25126,5.7305
3.7012,8.2423
2.299,3.1208
1.3164,7.6759
2.1031,10.068
7.1263,6.8165
2.9591,3.0624
4.2184,6.4554
3.3334,5.6112
4.5672,8.2192
8.3452,6.9946
2.3701,6.2691
2.3403,7.4967
0.82313,3.126
1.8408,3.7781
3.7678,-0.088389
8.0378,3.3341
9.0188,2.969
9.442,4.0915
3.1426,3.5731
0.16487,-4.0694
-1.7592,8.9899
4.6418,8.0181
5.7686,-1.6746
8.9349,4.0574
7.7681,7.1292
5.4196,-0.60034
6.8206,5.1163
1.3369,6.923
0.93149,1.9261
3.2212,3.9596
3.6141,0.74623
9.0229,6.3653
4.9037,0.37662
-1.8169,1.8981
3.5737,2.7748
6.4441,9.4989
2.345,8.2068
3.3618,8.3495
3.207,4.0707
3.9837,2.8801
5.3009,1.1443
4.7604,5.7791
3.8179,8.2415
6.1441,5.0681
2.304,2.8927
7.5111,9.6519
3.0298,7.3082
5.9806,0.9179
5.3216,6.4939
2.5593,4.4619
4.5308,4.6014
4.7694,8.6863
4.3455,3.6679
6.2332,3.3153
4.5887,6.2438
4.9955,7.2293
4.3253,4.2027
7.1693,10.076
7.8024,1.869
7.3576,3.2043
11.87,-0.98394
1.5409,4.9381
7.6735,3.7492
3.2152,3.2589
-0.13279,5.544
4.3752,5.2451
4.1979,3.2746
4.0486,1.637
4.7157,4.4021
1.6676,5.3361
9.9175,3.4197
1.4847,2.6878
5.0946,8.5101
11.133,4.6648
-0.52022,3.9878
3.002,6.611
4.5766,1.8963
7.692,1.8391
5.8017,7.7179
10.154,12.301
1.5016,5.125
3.4071,7.205
6.7028,2.3246
2.0337,5.5318
8.6099,5.9725
6.8852,4.7833
4.0823,-0.98855
0.62933,6.441
6.9071,7.558
7.6697,11.219
2.7526,9.5299
5.6134,1.6976
0.61107,4.715
3.8762,4.6419
5.1816,9.0676
1.3308,6.9811
5.4737,8.9295
7.9158,4.5757
5.9138,5.7033
6.6189,7.6814
-0.96061,12.991
4.0722,9.4279
0.5896,10.984
4.4673,6.674
4.7045,6.0879
4.2091,7.2297
2.0137,1.3529
0.34333,6.7619
4.2229,4.3523
10.161,4.1316
6.4942,9.8632
11.733,4.5493
1.03,-4.297
1.1783,3.8007
5.1714,2.0729
8.1166,4.3734
7.1854,6.4987
3.624,2.6741
0.64932,1.4994
7.7418,8.5308
7.296,2.8086
6.5018,2.0202
12.759,3.3094
2.7261,2.3882
3.8988,7.1947
0.66501,-0.28533
4.1351,6.7567
2.1036,5.4198
5.0927,9.2893
3.8266,8.3599
8.1923,5.2599
4.669,2.0586
0.80453,2.6286
6.7394,4.2892
0.3881,7.5856
2.8257,9.0919
3.6607,4.8888
1.9226,1.6635
2.865,5.8651
7.8102,5.103
6.4096,6.0708
5.4578,3.8571
4.3619,5.4398
4.1661,9.1283
2.2984,6.3193
-1.088,5.3499
6.3515,3.07
4.2594,5.643
11.256,6.3932
5.2859,7.1604
6.9094,8.124
2.6871,8.6778
0.80825,6.568
-0.83119,3.7003
0.58733,0.39667
5.2295,3.8945
8.575,0.43433
2.8892,2.2897
5.6846,0.19874
0.52694,5.728
0.5454,5.637
7.4613,7.8249
3.4422,2.9553
4.0487,5.3516
3.0459,10.096
3.345,9.3559
1.7523,1.4593
5.7633,6.6982
9.1392,4.3342
2.8325,5.429
-2.1812,3.0364
2.3938,6.9793
6.0942,0.57263
5.4707,7.7441
1.5409,-0.25259
4.457,3.703
1.3596,5.8046
5.8776,7.2679
2.2854,2.915
2.0327,5.6168
3.9627,10.876
5.1122,3.2562
7.627,2.3701
5.9153,1.8243
6.4034,2.9971
5.7613,3.5513
5.5725,8.0884
8.6444,0.35685
1.7777,4.0417
1.2132,-0.17044
4.9404,9.5857
-0.19829,-1.4898
0.32869,2.1283
5.3641,2.2635
6.0528,3.7254
6.2654,5.4593
2.4551,2.7952
6.7338,4.8097
3.1761,8.4055
0.92293,4.5947
-0.33801,8.563
2.386,2.563
0.91828,6.5262
8.859,0.46302
4.1886,7.3096
1.4597,4.3172
6.4042,5.1334
-0.082251,4.4049
0.55888,5.5558
1.5099,6.8343
3.3164,5.8536
2.1006,5.6452
-3.3433,-3.1056
6.3375,2.3837
8.3818,6.9763
-0.9483,1.8666
0.86969,6.0573
7.0995,4.0813
-1.4479,-1.0306
-2.6426,11.074
4.4868,2.8031
2.5193,10.893
4.9563,9.0788
9.4254,6.651
5.312,5.3387
7.0529,6.2027
1.6396,4.8307
2.3936,8.7233
2.7066,-2.2997
-3.2767,7.0493
2.2754,6.4348
5.7679,4.0143
1.4865,2.4731
6.3517,7.6191
1.8964,4.3539
3.553,8.9521
3.0941,8.2027
6.3777,5.1721
2.9068,3.4952
4.6641,8.0136
6.4723,7.0357
0.67407,6.609
6.3618,3.9314
2.3442,5.3383
4.4243,6.17
0.90705,7.7363
12.8,6.1636
2.9397,4.0088
-0.55701,1.6538
5.7675,-2.7029
-0.40518,6.2398
-0.40597,12.088
4.0588,3.9532
2.9655,5.1002
4.6862,3.5405
5.4239,7.2593
5.6327,4.549
4.6952,4.9063
2.3369,9.6279
3.5627,1.287
-1.0982,-1.099
7.4637,7.0242
4.0077,4.2894
5.0174,10.915
-2.7803,7.4399
2.3947,-0.056318
9.3163,6.2596
-1.6218,2.6259
7.4295,5.8575
-0.074272,9.2714
-1.5668,6.8445
2.7119,5.9339
-2.5625,2.1008
-2.0524,-0.90592
2.3639,6.4464
6.7199,10.989
4.7217,5.8372
2.6774,11.038
4.7455,7.8366
7.0459,6.5911
3.2209,5.601
-3.0622,3.7326
6.557,5.1551
4.9249,5.1351
-3.0649,8.5134
1.9666,1.5202
1.1827,6.2686
0.089566,4.9904
-0.9227,7.139
4.0681,6.8003
7.4864,-1.9099
6.3566,3.3067
5.3638,7.6927
2.0613,4.3304
0.37129,9.4827
2.0002,8.5885
2.47,5.5244
1.5123,3.2743
5.918,0.37931
0.23918,9.0144
3.1549,4.6652
6.7511,0.99675
5.1982,7.2779
1.9684,3.6826
1.6602,0.93535
4.501,6.9929
0.63631,-0.32595
6.9508,1.8843
7.8505,1.019
6.9404,5.5637
7.1582,4.7363
5.6233,7.614
5.9308,0.56039
0.54474,1.4776
5.5099,0.2438
-1.2811,7.7044
1.0053,2.1557
7.9936,12.289
3.5992,6.3416
1.5757,6.4141
4.4106,0.75587
5.0087,10.227
3.9235,10.166
5.8978,-1.6147
4.6875,4.6208
3.9056,2.2683
6.1546,6.9394
9.6239,5.7004
1.7129,4.1558
0.079006,4.1545
-0.35964,2.5142
8.0523,7.2949
9.6897,4.1032
7.5914,7.6174
5.1264,3.6508
7.9028,2.8377
0.96339,2.3527
8.0283,6.9352
8.0064,8.4244
1.7865,6.8816
0.11761,4.1046
3.691,9.4462
8.503,5.3352
6.0112,3.0094
8.2655,7.5383
1.5408,8.1666
-0.30339,6.5224
3.7765,4.1456
9.8412,6.8082
8.1466,2.1105
3.6091,7.0116
-0.40363,1.6509
3.9688,0.3451
4.8274,4.1307
4.1795,-1.9424
5.8666,7.7535
5.2509,5.0414
-2.3272,6.2721
2.857,-1.147
0.53891,5.8891
2.6204,4.3111
5.3703,6.0898
0.96202,5.2471
3.9561,9.219
4.6102,1.2131
1.0087,7.5372
3.4769,-0.13471
7.0677,2.9957
3.739,2.07
0.80791,5.2087
8.2184,3.8512
3.0951,5.3733
-0.57641,2.9822
3.5288,5.0134
3.8372,6.7387
5.083,1.1769
2.9364,7.7782
2.7916,4.3232
3.094,6.8535
5.9051,2.4864
2.8594,4.1423
-0.84214,4.5329
1.1427,6.4933
0.19498,1.6864
12.404,3.9714
7.1661,2.9824
3.1094,4.9489
4.6947,8.2626
6.3735,8.2477
3.6775,2.2496
-1.4747,9.1914
3.2428,4.4984
1.5499,6.2338
6.9679,5.3894
7.3175,3.0251
3.1061,6.6945
3.8937,8.5897
-0.02343,8.6692
-0.75856,-0.67543
8.2067,1.7523
-0.42663,7.6073
6.141,7.3325
2.8363,-0.29192
7.4688,5.2175
5.0329,2.504
3.5011,8.7652
1.7579,5.3615
3.6164,5.4094
3.7561,5.5029
-1.6611,-2.4301
3.8326,8.3782
3.5718,5.7651
-2.0215,-0.59399
7.2273,6.4441
2.9113,3.6042
8.3243,4.6138
0.21699,4.7958
0.76428,7.6334
-1.986,9.6779
3.8558,6.5625
4.9682,2.4057
0.11045,2.6936
11.479,6.4673
9.1942,6.2749
4.2553,2.4978
7.1935,3.9899
4.1259,6.2887
9.7674,4.8121
5.095,8.079
3.6364,7.4941
3.9871,8.6572
6.2436,6.3414
3.9984,7.0976
3.1352,10.903
7.7211,17.261
13.587,14.416
5.4857,17.086
10.006,13.679
11.939,11.795
9.9494,12.891
8.1657,16.34
10.394,18.338
10.156,15.425
9.9359,15.653
10.199,16.901
8.854,9.521
12.679,14.996
13.736,11.95
12.155,15.02
11.017,18.466
9.3938,16.572
7.2406,19.804
6.7595,12.965
13.748,10.96
9.7048,19.772
4.9667,15.068
8.4564,11.911
10.199,15.646
11.932,18.615
10.39,16.282
9.3523,16.478
9.6815,14.243
10.648,15.174
9.0503,14.397
10.448,12.732
10.471,19.517
11.955,16.267
10.538,17.313
12.345,13.918
12.296,13.207
10.177,14.671
16.503,18.794
9.2194,17.905
6.6869,14.256
11.405,17.499
10.331,10.642
10.794,12.44
9.8276,15.313
10.216,13.914
11.296,19.713
8.258,17.651
7.7146,11.376
8.5796,16.46
7.9259,17.575
11.063,16.578
7.7341,18.132
8.0351,16.636
8.8984,14.671
9.5201,17.152
10.254,15.601
6.6298,11.091
14.058,18.88
5.5524,11.684
9.9301,13.654
5.4532,16.918
13.072,17.74
7.22,21.142
11.061,14.689
8.3891,15.37
11.075,20.446
5.0969,19.589
12.047,17.243
11.101,13.207
7.5768,15.509
11.361,11.776
8.305,12.745
7.6531,13.939
9.1726,18.773
7.4328,17.342
11.998,16.195
11.35,18.632
8.6909,12.882
9.0921,16.18
7.3516,18.745
8.0129,13.849
9.3212,13.406
10.105,13.367
6.5084,14.463
6.2338,16.161
6.4515,18.732
11.37,15.986
11.131,16.145
8.6155,11.874
10.915,20.419
10.228,14.756
14.666,16.779
4.8026,17.707
7.1482,15.216
9.0084,16.288
11.693,12.981
14.403,19.362
8.1371,15.051
16.067,15.908
15.042,17.811
10.505,13.951
11.187,17.302
10.73,12.273
7.106,16.039
5.7176,17.154
11.899,15.278
9.1812,14.196
9.1188,15.727
6.6391,16.047
8.2244,15.121
7.6849,14.345
11.044,14.106
10.704,14.626
7.1458,14.613
11.835,21.307
10.239,16.733
14.39,14.336
10.194,16.287
8.9054,13.74
8.7752,13.18
12.422,15.918
12.308,13.815
10.267,14.034
11.809,13.742
10.002,13.706
9.0943,14.518
11.672,16.574
10.74,14.701
14.56,17.682
7.7258,13.263
10.65,16.697
10.586,19.168
9.661,16.47
13.35,16.389
9.2271,16.085
11.552,15.202
8.3367,8.1594
11.253,8.5552
17.593,15.122
9.5343,13.755
13.78,15.685
11.641,13.815
9.6787,14.71
9.5435,12.472
11.544,14.019
6.0135,13.775
9.8759,17.123
5.8171,19.22
8.2912,14.498
9.8111,14.861
9.1517,12.445
9.7089,14.011
11.712,15.915
16.271,14.028
6.7278,11.644
10.172,17.238
10.703,13.588
8.2114,15.026
8.3775,16.669
10.289,18.326
9.8575,17.093
13.652,10.574
7.9405,11.591
10.46,17.914
7.915,14.506
9.4429,14.429
9.891,16.077
10.516,18.653
10.409,15.59
11.36,13.493
13.274,16.66
9.9896,14.177
10.39,17.848
9.6479,15.825
8.587,15.464
11.66,16.484
11.179,14.573
9.2769,14.48
13.422,17.981
10.057,10.586
4.9517,11.682
6.779,15.306
10.862,15.113
6.8899,17.36
11.314,17.494
6.9297,11.293
8.4122,13.19
8.898,13.174
11.465,16.627
8.3139,15.898
11.616,15.107
10.015,16.233
8.6186,19.181
10.746,18.214
10.669,17.833
11.69,13.562
14.256,16.293
8.4938,14.463
10.452,14.842
11.066,10.628
11.762,11.475
7.5644,16.181
14.154,15.534
9.043,20.479
14.241,11.12
9.1861,15.599
7.8078,13.222
11.764,13.795
6.9464,13.828
10.288,12.602
6.4493,14.858
9.715,14.817
13.801,12.581
16.61,12.229
10.175,14.08
6.7389,15.945
10.386,15.656
11.07,15.767
9.6706,16.684
14.318,13.711
8.9513,18.415
11.748,13.363
9.9202,14.878
10.732,14.243
8.6235,14.273
12.718,10.857
4.1888,15.239
8.6379,15.496
3.4908,16.216
9.4246,18.734
8.997,14.123
11.974,13.389
11.432,10.547
8.854,14.036
14.119,18.498
11.18,18.881
14.355,15.091
8.0908,15.858
7.02,12.863
11.863,13.814
7.2997,15.217
8.5839,14.599
12.519,15.94
6.5024,18.009
10.674,17.176
7.1959,12.436
9.7235,15.467
6.6651,12.652
10.662,15.835
8.2188,14.908
11.084,13.766
15.29,16.244
11.501,17.019
6.0605,17.711
10.63,14.342
13.801,14.497
11.673,15.312
10.282,13.546
12.538,15.672
7.4149,14.388
11.542,15.548
7.3245,11.049
12.884,15.568
11.62,11.958
14.38,15.389
13.601,13.127
12.016,14.714
10.865,12.133
9.2256,12.092
9.9114,13.833
12.585,13.036
8.4642,13.64
7.9667,14.377
11.248,12.785
7.2809,16.243
11.582,11.124
12.621,15.535
10.738,10.818
11.891,15.147
13.23,13.129
10.562,13.472
11.776,13.851
12.08,12.714
11.923,9.9082
7.1389,14.46
7.5127,19.123
6.1315,18.797
11.271,14.243
9.6761,14.443
9.8743,13.304
11.19,15.922
10.873,12.648
11.697,10.188
9.9367,14.663
8.4134,9.9148
14.093,11.989
8.0396,20.652
13.914,16.964
7.6496,14.34
6.5729,15.966
12.713,11.648
7.66,14.376
8.9597,15.596
9.3632,14.61
9.6088,15.018
9.9662,13.181
8.7974,16.154
5.7434,9.1133
13.578,14.996
12.708,19.016
9.8621,19.878
12.826,15.701
11.681,14.502
9.8027,15.925
8.9228,17.314
7.5561,15.997
8.89,14.836
9.5003,12.515
5.5797,13.52
7.7369,12.926
10.604,19.473
16.806,15.482
8.0543,13.832
11.838,20.107
10.664,13.792
10.919,13.58
6.988,9.7659
10.617,14.419
11.379,15.214
9.394,14.796
10.879,12.76
9.8057,14.931
12.177,14.562
13.058,15.925
10.671,12.746
13.172,16.272
6.8662,23.452
2.3758,19.677
9.2138,17.755
9.1869,16.635
10.153,11.022
11.531,14.15
8.9215,12.139
9.9684,16.435
7.3281,14.347
8.6481,14.165
10.996,14.507
13.166,14.3
12.147,16.404
8.9274,17.522
10.314,16.357
10.618,15.826
7.1292,14.736
9.8014,16.463
10.164,9.9957
11.104,15.684
8.7498,12.605
14.114,11.602
11.675,11.979
8.5969,12.818
9.6783,17.11
11.283,15.056
5.6713,12.463
9.4894,11.701
14.115,11.226
8.6304,14.108
12.192,13.511
6.9249,16.162
4.6741,16.24
13.827,16.477
6.2486,15.731
5.7428,14.63
12.061,11.996
6.6221,12.252
9.3714,15.16
11.772,17.714
13.459,19.416
9.7399,16.693
7.6387,15.172
9.8936,13.787
8.6804,15.017
14.547,11.248
11.503,12.344
11.574,19.646
12.564,14.671
11.223,16.715
6.8024,17.099
11.408,13.129
13.796,14.657
10.814,13.907
10.797,16.752
11.704,15.438
9.781,11.67
12.162,11.587
9.8167,13.554
8.6249,13.14
10.497,13.546
9.3518,13.546
10.317,11.701
6.9146,14.248
12.324,9.8653
7.028,13.093
9.0353,16.163
11.416,13.258
6.747,12.271
10.657,16.193
10.98,13.656
8.2469,13.499
9.1598,15.468
8.6387,10.96
6.7658,15.014
7.8692,16.613
11.15,16.642
8.9112,14.072
14.553,14.582
8.8483,15.493
10.244,11.279
7.2942,17.711
7.5304,14.628
5.5965,12.416
8.7993,12.74
12.745,10.167
10.548,11.563
8.6771,14.972
9.1394,21.571
9.8088,16.945
7.1597,13.694
10.955,13.859
8.7216,14.261
10.662,18.247
10.313,14.272
6.0751,17.742
14.593,14.441
9.9272,13.616
10.354,15.239
14.831,12.37
9.3085,16.045
13.748,17.794
14.207,18.139
11.25,18.164
10.51,18.385
11.232,18.173
14.213,16.462
9.5596,14.356
12.737,17.899
11.701,12.218
10.021,11.667
10.702,14.027
9.7667,14.888
8.182,18.971
11.859,18.616
10.808,14.057
9.073,12.219
4.3259,15.37
6.8954,20.915
13.077,17.579
10.441,13.678
11.399,11.521
9.0833,17.133
11.94,17.122
4.2969,14.222
16.131,16.516
10.733,16.092
13.678,15.505
9.4596,18.326
10.245,13.313
9.9204,14.495
12.003,15.219
7.0461,15.704
8.1899,14.81
10.254,11.934
11.853,14.238
9.5121,11.266
7.9993,14.907
4.5571,11.862
10.352,10.075
10.566,9.4009
10.021,14.712
11.617,18.134
10.562,15.747
13.862,12.918
13.486,12.619
7.6773,15.777
11.396,15.395
12.429,15.412
8.9449,18.076
11.565,13.527
9.0486,14.54
11.358,17.09
8.2229,16.031
11.172,13.063
6.89,13.643
6.439,20.628
12.569,12.068
11.772,17.441
13.179,16.438
10.667,12.777
11.795,13.586
8.3249,15.121
8.4375,20.763
7.4194,10.508
9.0249,15.763
8.7971,12.232
7.6055,19.118
9.5893,16.187
8.8901,13.588
8.0408,15.286
12.318,16.495
11.501,19.303
12.539,16.106
14.556,14.716
9.5848,15.271
8.5875,18.564
12.57,13.036
13.149,16.378
7.0249,15.722
12.021,10.423
9.3242,16.24
6.913,14.87
11.502,16.57
10.374,12.738
9.3809,14.347
9.2312,14.544
10.147,17.789
8.4346,15.707
11.615,14.928
9.4717,19.39
12.551,16.527
9.1898,11.743
12.408,15.237
9.1469,16.824
12.199,17.022
9.3508,17.065
16.434,19.729
8.5738,21.386
15.38,13.653
12.712,15.528
10.619,15.014
10.587,15.522
4.0279,14.915
10.888,16.14
10.738,15.007
13.107,17.298
9.9143,17.056
13.763,15.458
9.3419,15.719
10.67,10.522
9.3749,14.123
12.859,14.027
14.294,15.958
6.7289,13.297
7.6249,9.6453
11.286,12.734
14.285,13.312
10.959,8.7038
11.477,15.435
9.2923,17.86
8.5622,13.214
13.185,16.43
15.528,15.654
6.8896,17.393
9.6337,13.79
7.968,17.295
8.5396,14.861
8.2899,12.767
6.5289,15.596
9.756,17.647
8.6111,13.466
7.8088,17.185
8.4512,19.138
12.553,16.483
9.1501,13.418
10.178,16.188
9.4557,15.499
10.463,17.628
13.548,16.629
8.6692,16.036
8.6449,17.039
7.4061,13.47
8.237,14.002
9.8104,10.845
13.297,13.64
14.098,13.342
14.443,14.258
9.2999,13.835
6.8686,7.5949
5.2976,18.258
10.524,17.464
11.444,9.5502
14.029,14.23
13.077,16.739
11.159,10.427
12.303,15.095
7.8256,16.57
7.4946,12.49
9.3641,14.151
9.685,11.527
14.101,16.115
10.738,11.225
5.2505,12.467
9.6519,13.183
11.996,18.673
8.6487,17.618
9.4789,17.735
9.3525,14.241
9.9867,13.269
11.062,11.852
10.621,15.636
9.8513,17.647
11.751,15.056
8.6152,13.279
12.867,18.798
9.2079,16.885
11.617,11.667
11.079,16.22
8.8237,14.561
10.433,14.675
10.628,18.01
10.282,13.912
11.823,13.624
10.481,16.016
10.813,16.82
10.266,14.349
12.588,19.145
13.105,12.444
12.741,13.534
16.426,10.114
7.9921,14.949
12.999,13.979
9.3592,13.578
6.6256,15.444
10.306,15.2
10.162,13.591
10.04,12.254
10.584,14.512
8.0956,15.274
14.832,13.71
7.9462,13.112
10.894,17.866
15.824,14.726
6.3093,14.174
9.1851,16.315
10.471,12.466
13.015,12.419
11.471,17.219
15.025,20.961
7.9601,15.102
9.5159,16.8
12.207,12.816
8.3945,15.434
13.764,15.794
12.356,14.823
10.067,10.11
7.2479,16.177
12.374,17.089
12.996,20.078
8.9815,18.699
11.317,12.304
7.2329,14.767
9.8989,14.708
10.965,18.321
7.8206,16.618
11.203,18.208
13.197,14.654
11.563,15.574
12.138,17.189
5.9497,21.525
10.059,18.615
7.2154,19.886
10.382,16.367
10.575,15.888
10.171,16.821
8.3782,12.022
7.0143,16.439
10.182,14.471
15.03,14.291
12.037,18.971
16.314,14.632
7.575,7.4091
7.6961,14.021
10.956,12.61
13.361,14.488
12.601,16.224
9.693,13.101
7.2642,12.142
13.055,17.883
12.691,13.211
12.043,12.567
17.152,13.62
8.9599,12.867
9.9174,16.792
7.277,10.685
10.11,16.434
8.4516,15.343
10.892,18.502
9.8584,17.743
13.423,15.212
10.546,12.598
7.3909,13.064
12.237,14.42
7.0509,17.111
9.0411,18.341
9.723,14.909
8.3038,12.276
9.0733,15.706
13.111,15.084
11.967,15.874
11.19,14.067
10.295,15.359
10.136,18.371
8.6106,16.077
5.8456,15.286
11.92,13.424
10.212,15.525
15.924,16.138
11.05,16.764
12.375,17.551
8.928,18.003
7.394,16.28
6.0554,13.939
7.2136,11.241
11.004,14.097
13.735,11.272
9.093,12.787
11.375,11.08
7.1643,15.594
7.1793,15.52
12.826,17.307
9.5446,13.33
10.04,15.287
9.221,19.161
9.4652,18.557
8.1648,12.109
11.44,16.387
14.196,14.456
9.0468,15.35
4.9531,13.397
8.6886,16.616
11.71,11.385
11.201,17.241
7.9922,10.711
10.373,13.941
7.8441,15.657
11.533,16.852
8.6001,13.298
8.3937,15.504
9.9695,19.798
10.908,13.576
12.961,12.853
11.564,12.407
11.962,13.365
11.438,13.817
11.284,17.522
13.792,11.209
8.1855,14.218
7.7246,10.778
10.768,18.744
6.5721,9.7011
7.0024,12.655
11.114,12.766
11.676,13.959
11.85,15.375
8.7386,13.2
12.232,14.845
9.3273,17.781
7.4876,14.669
6.458,17.909
8.6822,13.01
7.4838,16.246
13.967,11.296
10.154,16.886
7.9258,14.442
11.963,15.109
6.6669,14.514
7.1903,15.454
7.9668,16.498
9.4418,15.697
8.4491,15.527
4.0042,8.3818
11.909,12.864
13.578,16.614
5.9597,12.442
7.4441,15.863
12.531,14.25
5.5518,10.076
4.5763,19.959
10.397,13.206
8.791,19.812
10.781,18.33
14.43,16.348
11.071,15.277
12.493,15.982
8.0727,14.862
8.6884,18.04
8.9439,9.0398
4.0586,16.673
8.5918,16.172
11.443,14.195
7.9478,12.937
11.92,17.138
8.2824,14.472
9.6351,18.227
9.2603,17.615
11.941,15.14
9.1074,13.771
10.542,17.461
12.019,16.662
7.2844,16.314
11.928,14.127
8.6481,15.276
10.346,15.955
7.4746,17.234
17.185,15.95
9.1342,14.191
6.2792,12.268
11.443,8.7106
6.4032,16.012
6.4025,20.787
10.048,14.145
9.1554,15.082
10.56,13.808
11.163,16.845
11.333,14.632
10.568,14.923
8.6421,18.779
9.643,11.968
5.8374,10.02
12.828,16.653
10.006,14.42
10.831,19.829
4.4639,16.992
8.6893,10.872
14.341,16.028
5.4098,13.062
12.8,15.7
6.6734,18.488
5.4547,16.506
8.9483,15.763
4.6417,12.633
5.0583,10.178
8.6641,16.181
12.221,19.89
10.589,15.684
8.9201,19.93
10.609,17.316
12.487,16.299
9.3639,15.491
4.2337,13.965
12.088,15.127
10.755,15.11
4.2315,17.869
8.3397,12.159
7.6997,16.036
6.8071,14.992
5.9806,16.746
10.056,16.47
12.847,9.3581
11.924,13.617
11.114,17.199
8.417,14.453
7.0372,18.66
8.3672,17.93
8.7508,15.428
7.9688,13.591
11.566,11.227
6.9293,18.278
9.31,14.727
12.246,11.731
10.978,16.86
8.3412,13.924
8.0896,11.681
10.409,16.627
7.2536,10.651
12.409,12.456
13.144,11.75
12.401,15.46
12.579,14.785
11.325,17.134
11.576,11.375
7.1788,12.124
11.233,11.117
5.688,17.208
7.5548,12.678
13.261,20.951
9.6727,16.095
8.0206,16.155
10.335,11.535
10.824,19.268
9.9376,19.218
11.55,9.5992
10.561,14.69
9.9229,12.77
11.759,16.583
14.592,15.572
8.1326,14.311
6.7985,14.31
6.4404,12.97
13.309,16.874
14.646,14.268
12.932,17.137
10.92,13.898
13.187,13.234
7.5206,12.838
13.289,16.58
13.271,17.796
8.1927,16.536
6.83,14.269
9.7477,18.63
13.677,15.274
11.642,13.375
13.483,17.073
7.9921,17.586
6.4863,16.243
9.8175,14.302
14.769,16.476
13.386,12.641
9.6809,16.642
6.4044,12.266
9.9746,11.199
10.676,14.29
10.147,9.3315
11.524,17.248
11.021,15.034
4.8339,16.039
9.0667,9.981
7.174,15.726
8.8736,14.437
11.119,15.89
7.5195,15.202
9.9641,18.445
10.498,11.908
7.5576,17.072
9.5729,10.808
12.505,13.363
9.7869,12.608
7.3937,15.17
13.444,14.062
9.2611,15.305
6.2634,13.352
9.6153,15.011
9.8671,16.42
10.884,11.878
9.1316,17.268
9.0133,14.447
9.2602,16.513
11.555,12.948
9.0687,14.3
6.0464,14.619
7.667,16.219
6.8932,12.294
16.862,14.16
12.585,13.353
9.2728,14.958
10.567,17.664
11.938,17.652
9.7367,12.754
5.53,18.422
9.3818,14.59
7.9995,16.007
12.423,15.318
12.709,13.388
9.2701,16.384
9.9132,17.931
6.7149,17.996
6.1147,10.366
13.435,12.348
6.3857,17.129
11.748,16.905
9.0499,10.679
12.832,15.178
10.843,12.962
9.5927,18.074
8.1694,15.295
9.6868,15.334
9.8009,15.411
5.3777,8.9334
9.8633,17.758
9.6504,15.625
5.0834,10.433
12.635,16.179
9.1111,13.86
13.531,14.685
6.9112,14.833
7.358,17.15
5.1124,18.819
9.8822,16.276
10.791,12.882
6.8242,13.117
16.107,16.198
14.241,16.041
10.208,12.957
12.607,14.175
10.103,16.052
14.709,14.847
10.894,17.514
9.7031,17.036
9.9894,17.986
11.832,16.095
9.9987,16.713
9.2939,19.82
13.139,11.846
17.929,9.5228
11.314,11.703
15.005,8.9216
16.583,7.3835
14.959,8.2781
13.502,11.094
15.322,12.725
15.127,10.347
14.948,10.533
15.162,11.552
14.064,5.5264
17.187,9.9971
18.051,7.5096
16.76,10.016
15.83,12.83
14.505,11.284
12.747,13.922
12.354,8.3383
18.06,6.7015
14.759,13.897
10.89,10.056
13.74,7.4782
15.162,10.528
16.577,12.952
15.318,11.047
14.471,11.206
14.74,9.382
15.529,10.142
14.225,9.5073
15.366,8.1486
15.385,13.688
16.597,11.035
15.439,11.888
16.915,9.1162
16.874,8.5364
15.144,9.7316
20.31,13.098
14.363,12.372
12.295,9.3922
16.147,12.041
15.27,6.442
15.649,7.9101
14.859,10.255
15.176,9.1132
16.058,13.848
13.578,12.165
13.134,7.0407
13.84,11.192
13.307,12.102
15.868,11.289
13.15,12.557
13.396,11.336
14.101,9.7315
14.608,11.757
15.207,10.49
12.248,6.8084
18.314,13.168
11.369,7.2929
14.943,8.9011
11.288,11.566
17.508,12.237
12.73,15.015
15.866,9.7462
13.685,10.302
15.878,14.447
10.997,13.747
16.671,11.832
15.899,8.5361
13.021,10.415
16.111,7.368
13.616,8.1592
13.084,9.1335
14.324,13.08
12.904,11.912
16.632,10.976
16.102,12.965
13.931,8.2707
14.259,10.963
12.838,13.058
13.378,9.0605
14.446,8.6982
15.085,8.6669
12.149,9.5616
11.925,10.948
12.103,13.047
16.118,10.805
15.924,10.935
13.87,7.448
15.747,14.425
15.186,9.8008
18.81,11.453
10.756,12.21
12.671,10.176
14.19,11.051
16.382,8.3512
18.595,13.562
13.479,10.042
19.954,10.742
19.117,12.295
15.412,9.1432
15.969,11.879
15.596,7.7736
12.637,10.848
11.503,11.758
16.551,10.227
14.331,9.3436
14.28,10.593
12.256,10.855
13.55,10.099
13.11,9.4651
15.852,9.2699
15.575,9.6947
12.67,9.684
16.498,15.15
15.195,11.415
18.584,9.458
15.159,11.051
14.106,8.9709
14,8.5138
16.978,10.75
16.885,9.0322
15.218,9.2112
16.477,8.9727
15.002,8.9432
14.26,9.6064
16.365,11.285
15.604,9.7557
18.723,12.19
13.143,8.5819
15.531,11.386
15.478,13.403
14.723,11.2
17.735,11.134
14.369,10.886
16.267,10.165
13.642,4.4146
16.023,4.7378
21.2,10.1
14.62,8.9836
18.086,10.559
16.34,9.0327
14.738,9.7634
14.627,7.9355
16.261,9.1992
11.745,8.9998
14.899,11.733
11.585,13.445
13.605,9.5901
14.846,9.8865
14.307,7.9139
14.762,9.1923
16.397,10.747
20.121,9.2064
12.328,7.2602
15.14,11.828
15.574,8.8469
13.54,10.022
13.675,11.362
15.236,12.716
14.884,11.709
17.982,6.3862
13.318,7.2163
15.376,12.379
13.298,9.5963
14.545,9.5334
14.911,10.88
15.421,12.983
15.334,10.481
16.111,8.7697
17.673,11.355
14.992,9.3283
15.319,12.326
14.713,10.673
13.846,10.379
16.355,11.212
15.963,9.6514
14.41,9.5751
17.794,12.434
15.047,6.3957
10.878,7.291
12.37,10.25
15.704,10.092
12.461,11.927
16.073,12.036
12.493,6.9735
13.704,8.5225
14.1,8.5092
16.196,11.329
13.623,10.733
16.319,10.087
15.012,11.007
13.872,13.414
15.609,12.624
15.546,12.313
16.38,8.8257
18.475,11.056
13.77,9.5614
15.369,9.8714
15.87,6.4304
16.439,7.1217
13.011,10.964
18.392,10.436
14.219,14.474
18.463,6.8317
14.335,10.489
13.21,8.5483
16.44,9.016
12.507,9.043
15.235,8.0421
12.101,9.8843
14.767,9.8505
18.104,8.0247
20.397,7.7376
15.143,9.249
12.337,10.771
15.315,10.536
15.874,10.627
14.731,11.375
18.526,8.9473
14.144,12.788
16.427,8.6631
14.935,9.9001
15.597,9.3815
13.876,9.4064
17.219,6.6171
10.255,10.195
13.888,10.405
9.6852,10.993
14.53,13.048
14.181,9.2842
16.612,8.6848
16.169,6.3642
14.064,9.2127
18.363,12.856
15.964,13.169
18.556,10.074
13.441,10.7
12.567,8.2555
16.521,9.0317
12.795,10.177
13.844,9.6728
17.057,10.768
12.144,12.457
15.55,11.776
12.71,7.9066
14.774,10.381
12.277,8.083
15.541,10.682
13.546,9.9245
15.885,8.9921
19.319,11.016
16.226,11.649
11.783,12.213
15.515,9.4627
18.103,9.5896
16.366,10.255
15.231,8.8129
17.072,10.549
12.889,9.5001
16.259,10.448
12.815,6.7743
17.354,10.464
16.323,7.5162
18.576,10.317
17.94,8.4707
16.646,9.7665
15.707,7.6593
14.368,7.6257
14.928,9.0472
17.111,8.3964
13.746,8.8896
13.34,9.4915
16.019,8.1918
12.78,11.015
16.292,6.835
17.14,10.437
15.603,6.5854
16.544,10.12
17.637,8.472
15.459,8.7525
16.45,9.0621
16.698,8.1336
16.57,5.8426
12.664,9.5592
12.969,13.366
11.841,13.1
16.038,9.3816
14.736,9.5454
14.897,8.6153
15.972,10.752
15.713,8.0793
16.385,6.071
14.948,9.7246
13.705,5.848
18.342,7.5415
13.399,14.614
18.196,11.604
13.081,9.4611
12.202,10.789
17.215,7.2631
13.089,9.4904
14.151,10.486
14.48,9.6812
14.681,10.014
14.972,8.5147
14.018,10.942
11.525,5.1936
17.921,9.9968
17.211,13.279
14.887,13.983
17.307,10.573
16.372,9.5937
14.839,10.755
14.12,11.889
13.005,10.814
14.094,9.8665
14.592,7.9711
11.391,8.7914
13.152,8.3065
15.493,13.652
20.557,10.393
13.411,9.0463
16.501,14.17
15.542,9.0133
15.75,8.8404
12.541,5.7263
15.504,9.5253
16.126,10.174
14.505,9.8337
15.718,8.1712
14.841,9.9437
16.777,9.6426
17.497,10.756
15.548,8.16
17.59,11.039
12.441,16.901
8.7749,13.819
14.358,12.249
14.336,11.335
15.125,6.7523
16.25,9.3058
14.119,7.6636
14.974,11.171
12.818,9.467
13.896,9.3185
15.813,9.5972
17.585,9.4283
16.753,11.147
14.124,12.059
15.256,11.108
15.505,10.674
12.656,9.7843
14.838,11.194
15.134,5.914
15.901,10.558
13.979,8.0444
18.359,7.2256
16.367,7.5335
13.854,8.2182
14.737,11.723
16.048,10.046
11.466,7.9282
14.583,7.3064
18.36,6.9185
13.882,9.2716
16.79,8.7842
12.489,10.949
10.651,11.012
18.125,11.206
11.937,10.596
11.524,9.6975
16.682,7.5475
12.242,7.7567
14.487,10.131
16.447,12.216
17.824,13.605
14.788,11.383
13.072,10.14
14.913,9.0093
13.923,10.014
18.712,6.9369
16.227,7.8315
16.285,13.793
17.093,9.7313
15.999,11.4
12.389,11.714
16.149,8.4723
18.099,9.72
15.664,9.1078
15.651,11.43
16.391,10.358
14.821,7.2808
16.765,7.2134
14.85,8.8194
13.877,8.4814
15.405,8.8127
14.471,8.8127
15.259,7.3066
12.481,9.386
16.897,5.8075
12.573,8.4431
14.212,10.949
16.156,8.5774
12.344,7.7719
15.537,10.974
15.8,8.9027
13.569,8.7743
14.314,10.382
13.889,6.7015
12.359,10.011
13.26,11.317
15.939,11.341
14.111,9.2422
18.717,9.6588
14.06,10.403
15.199,6.9621
12.791,12.213
12.984,9.6962
11.405,7.8901
14.02,8.1547
17.241,6.054
15.447,7.1937
13.92,9.9773
14.297,15.365
14.844,11.588
12.681,8.934
15.779,9.0688
13.956,9.3968
15.541,12.651
15.256,9.4058
11.795,12.239
18.75,9.5434
14.941,8.8703
15.289,10.195
18.944,7.853
14.435,10.853
18.06,12.282
18.435,12.563
16.021,12.583
15.416,12.764
16.006,12.591
18.439,11.193
14.64,9.4745
17.234,12.367
16.389,7.7287
15.017,7.2785
15.573,9.2055
14.81,9.9083
13.516,13.243
16.518,12.952
15.66,9.23
14.243,7.7297
10.367,10.302
12.465,14.83
17.513,12.106
15.36,8.9205
16.142,7.1592
14.252,11.742
16.584,11.733
10.343,9.3646
20.006,11.238
15.599,10.891
18.003,10.412
14.559,12.715
15.2,8.6227
14.935,9.5876
16.636,10.179
12.588,10.575
13.522,9.8445
15.207,7.4967
16.513,9.3777
14.602,6.9509
13.366,9.9238
10.556,7.4382
15.288,5.979
15.462,5.4284
15.017,9.7651
16.321,12.559
15.458,10.61
18.153,8.2998
17.846,8.0556
13.104,10.634
16.14,10.323
16.983,10.337
14.138,12.512
16.278,8.7969
14.223,9.6246
16.109,11.706
13.549,10.842
15.957,8.4183
12.461,8.892
12.092,14.595
17.098,7.6061
16.446,11.993
17.596,11.174
15.544,8.1851
16.465,8.8452
13.632,10.098
13.724,14.705
12.893,6.3327
14.204,10.623
14.018,7.7402
13.045,13.362
14.665,10.969
14.094,8.8474
13.4,10.234
16.893,11.221
16.226,13.513
17.073,10.903
18.72,9.7681
14.661,10.221
13.847,12.91
17.098,8.3966
17.571,11.125
12.571,10.59
16.65,6.2628
14.448,11.013
12.479,9.8939
16.226,11.282
15.306,8.1528
14.494,9.4665
14.372,9.6279
15.12,12.277
13.722,10.577
16.319,9.9412
14.569,13.584
17.083,11.247
14.338,7.3408
16.966,10.193
14.303,11.489
16.795,11.651
14.47,11.686
20.253,13.861
13.836,15.214
19.393,8.9002
17.214,10.431
15.505,10.012
15.479,10.426
10.124,9.9303
15.725,10.931
15.602,10.006
17.537,11.877
14.93,11.679
18.072,10.374
14.463,10.587
15.547,6.3439
14.49,9.284
17.335,9.2056
18.506,10.782
12.329,8.6092
13.061,5.6279
16.05,8.1498
18.499,8.6219
15.783,4.8592
16.206,10.356
14.422,12.335
13.826,8.542
17.601,11.168
19.514,10.534
12.46,11.954
14.701,9.0121
13.341,11.874
13.808,9.8869
13.604,8.1771
12.166,10.487
14.801,12.162
13.866,8.7472
13.211,11.784
13.735,13.379
17.084,11.211
14.306,8.7083
15.146,10.97
14.556,10.407
15.378,12.146
17.897,11.33
13.913,10.846
13.894,11.664
12.882,8.7507
13.561,9.1854
14.845,6.6077
17.692,8.8894
18.346,8.646
18.628,9.3943
14.428,9.0487
12.443,3.9537
11.161,12.66
15.428,12.012
16.179,5.5502
18.29,9.3716
17.512,11.419
15.946,6.2664
16.88,10.078
13.225,11.282
12.954,7.9507
14.481,9.3064
14.743,7.1642
18.349,10.91
15.602,6.9177
11.122,7.932
14.716,8.5165
16.629,12.999
13.897,12.138
14.575,12.233
14.471,9.3804
14.989,8.5867
15.867,7.4295
15.507,10.519
14.879,12.161
16.429,10.045
13.869,8.5951
17.341,13.101
14.353,11.539
16.32,7.2786
15.881,10.996
14.04,9.6413
15.354,9.7343
15.513,12.458
15.23,9.112
16.489,8.8768
15.392,10.829
15.664,11.486
15.217,9.4685
17.113,13.384
17.535,7.9127
17.238,8.8029
20.246,6.0107
13.361,9.9588
17.449,9.1661
14.477,8.8392
12.245,10.363
15.25,10.163
15.132,8.8497
15.032,7.758
15.477,9.6014
13.445,10.224
18.945,8.9465
13.323,8.4585
15.73,12.34
19.755,9.7765
11.987,9.3252
14.335,11.074
15.384,7.9309
17.461,7.8927
16.201,11.812
19.103,14.867
13.334,10.083
14.605,11.47
16.802,8.2164
13.689,10.355
18.073,10.648
16.923,9.8555
15.055,6.0076
12.753,10.961
16.938,11.705
17.446,14.146
14.168,13.02
16.076,7.7984
12.741,9.81
14.917,9.7613
15.788,12.712
13.221,11.321
15.982,12.62
17.611,9.7171
16.276,10.469
16.746,11.788
11.693,15.327
15.048,12.952
12.726,13.989
15.312,11.116
15.47,10.725
15.139,11.486
13.676,7.5686
12.562,11.175
15.149,9.5682
19.107,9.4211
16.663,13.242
20.155,9.6995
13.02,3.802
13.119,9.2004
15.781,8.0486
17.744,9.5823
17.124,10.999
14.749,8.4494
12.766,7.6663
17.495,12.354
17.197,8.5391
16.668,8.0134
20.84,8.8729
14.151,8.2588
14.933,11.463
12.777,6.4764
15.09,11.171
13.736,10.28
15.728,12.86
14.884,12.24
17.795,10.173
15.446,8.039
12.87,8.4191
16.826,9.5261
12.592,11.724
14.217,12.728
14.774,9.9258
13.615,7.7756
14.243,10.577
17.54,10.069
16.606,10.714
15.972,9.238
15.241,10.293
15.111,12.752
13.866,10.88
11.608,10.233
16.568,8.7133
15.173,10.429
19.837,10.929
15.857,11.44
16.94,12.083
14.125,12.452
12.872,11.045
11.779,9.1336
12.725,6.9311
15.82,9.263
18.05,6.9562
14.259,8.1932
16.123,6.7992
12.685,10.485
12.697,10.425
17.308,11.883
14.628,8.6369
15.032,10.234
14.364,13.398
14.563,12.904
13.502,7.6395
16.176,11.132
18.426,9.5561
14.222,10.286
10.879,8.6909
13.929,11.32
16.396,7.0484
15.98,11.829
13.361,6.4983
15.305,9.1353
13.24,10.536
16.252,11.512
13.857,8.61
13.688,10.411
14.975,13.917
15.741,8.8375
17.418,8.2467
16.277,7.8829
16.602,8.6647
16.174,9.0342
16.048,12.059
18.096,6.9046
13.518,9.3611
13.142,6.553
15.627,13.057
12.201,5.6734
12.552,8.0855
15.909,8.1757
16.369,9.1502
16.51,10.306
13.97,8.5301
16.823,9.8731
14.451,12.27
12.949,9.7298
12.108,12.375
13.924,8.3753
12.946,11.017
18.239,6.9753
15.126,11.54
13.306,9.5448
16.603,10.089
12.278,9.6032
12.706,10.371
13.34,11.223
14.544,10.569
13.734,10.43
10.104,4.5963
16.558,8.2558
17.921,11.318
11.701,7.9111
12.913,10.705
17.066,9.3875
11.368,5.9796
10.572,14.049
15.325,8.5354
14.013,13.929
15.638,12.719
18.617,11.101
15.875,10.226
17.035,10.802
13.426,9.8871
13.929,12.482
14.138,5.1335
10.149,11.366
13.85,10.957
16.179,9.3429
13.324,8.3154
16.568,11.746
13.598,9.5693
14.702,12.635
14.396,12.135
16.585,10.115
14.271,8.9968
15.443,12.009
16.648,11.357
12.783,11.073
16.575,9.2876
13.896,10.226
15.283,10.78
12.938,11.824
20.867,10.776
14.293,9.3392
11.962,7.7692
16.178,4.8647
12.063,10.827
12.063,14.725
15.039,9.3021
14.31,10.067
15.457,9.027
15.949,11.506
16.088,9.6993
15.463,9.9375
13.891,13.085
14.708,7.5246
11.601,5.934
17.309,11.349
15.005,9.5263
15.678,13.943
10.48,11.627
13.93,6.6291
18.544,10.84
11.252,8.4173
17.286,10.572
12.284,12.848
11.289,11.23
14.141,10.623
10.625,8.0672
10.965,6.0627
13.909,10.964
16.813,13.993
15.481,10.558
14.118,14.025
15.497,11.891
17.031,11.061
14.481,10.401
10.292,9.1551
16.705,10.103
15.617,10.09
10.29,12.342
13.644,7.6802
13.122,10.846
12.393,9.9936
11.718,11.426
15.045,11.2
17.324,5.3934
16.571,8.8711
15.909,11.795
13.708,9.5536
12.581,12.988
13.667,12.392
13.98,10.35
13.342,8.8495
16.279,6.9195
12.493,12.676
14.437,9.7768
16.834,7.3312
15.799,11.519
13.646,9.1218
13.44,7.2902
15.334,11.329
12.758,6.4494
16.967,7.9228
17.567,7.346
16.96,10.376
17.105,9.8242
16.082,11.743
16.287,7.0403
12.696,7.6517
16.007,6.8292
11.479,11.803
13.004,8.1038
17.662,14.859
14.733,10.894
13.384,10.943
15.274,7.1706
15.672,13.485
14.949,13.444
16.265,5.5902
15.458,9.7472
14.937,8.1789
16.436,11.293
18.749,10.467
13.475,9.4372
12.386,9.4363
12.094,8.3428
17.702,11.53
18.793,9.4021
17.394,11.745
15.751,9.1005
17.602,8.5585
12.976,8.2351
17.686,11.29
17.671,12.283
13.524,11.254
12.412,9.4031
14.794,12.964
18.002,10.223
16.341,8.673
17.844,11.692
13.361,12.111
12.131,11.015
14.851,9.4304
18.894,11.205
17.764,8.0737
14.739,11.341
12.064,7.7673
14.979,6.8967
15.552,9.4204
15.12,5.3717
16.244,11.836
15.834,10.028
10.782,10.848
14.238,5.902
12.693,10.593
14.08,9.5407
15.914,10.727
12.975,10.165
14.971,12.813
15.407,7.4754
13.006,11.691
14.651,6.5769
17.045,8.6638
14.826,8.0467
12.872,10.139
17.812,9.2342
14.397,10.249
11.949,8.6548
14.686,10.009
14.891,11.159
15.722,7.4513
14.291,11.852
14.194,9.5488
14.396,11.236
16.27,8.3242
14.24,9.4282
11.772,9.6886
13.095,10.996
12.463,7.7909
20.603,9.3143
17.111,8.655
14.406,9.9659
15.463,12.175
16.582,12.165
14.785,8.1664
11.35,12.794
14.495,9.6656
13.367,10.823
16.979,10.26
17.212,8.6834
14.404,11.13
14.929,12.393
12.318,12.446
11.828,6.2164
17.804,7.8349
12.049,11.738
16.427,11.555
14.224,6.4721
17.313,10.145
15.689,8.336
14.667,12.51
13.505,10.241
14.744,10.273
14.837,10.335
11.226,5.0466
14.888,12.252
14.715,10.51
10.986,6.2707
17.152,10.963
14.274,9.0694
17.883,9.7425
12.478,9.8638
12.843,11.756
11.009,13.119
14.904,11.042
15.645,8.2704
12.407,8.4624
19.986,10.978
18.463,10.85
15.17,8.3319
17.129,9.3266
15.084,10.859
18.845,9.8747
15.73,12.053
14.758,11.663
14.991,12.438
16.496,10.894
14.999,11.398
14.423,13.936
