-0.40363,1.6509	,00000000,0
-0.13706,1.635	,00000000,1
-0.55701,1.6538	,00000000,2
-0.19829,-1.4898	,00000000,3
-2.5625,2.1008	,00000000,4
-0.084382,2.1245	,00000000,5
-2.6662,1.1572	,00000000,6
-0.9483,1.8666	,00000000,7
-1.4471,0.9393	,00000000,8
-1.2132,-2.2097	,00000000,9
-3.3433,-3.1056	,00000000,10
-2.1829,0.93656	,00000000,11
-0.75856,-0.67543	,00000000,12
-2.0524,-0.90592	,00000000,13
-1.4479,-1.0306	,00000000,14
-0.12761,0.2126	,00000000,15
-1.3015,1.8924	,00000000,16
-2.0215,-0.59399	,00000000,17
-0.0076183,0.89035	,00000000,18
-1.8169,1.8981	,00000000,19
-1.0982,-1.099	,00000000,20
-1.3931,1.8351	,00000000,21
-1.6611,-2.4301	,00000000,22
1.2132,-0.17044	,00000001,0
0.54474,1.4776	,00000001,1
1.7523,1.4593	,00000001,2
0.66501,-0.28533	,00000001,3
0.32869,2.1283	,00000001,4
0.63631,-0.32595	,00000001,5
1.5409,-0.25259	,00000001,6
0.31105,-1.4105	,00000001,7
1.6602,0.93535	,00000001,8
1.03,-4.297	,00000001,9
1.4777,0.82449	,00000001,10
0.56566,1.8598	,00000001,11
0.015939,1.6578	,00000001,12
1.0911,-1.5582	,00000001,13
0.16487,-4.0694	,00000001,14
1.201,0.561	,00000001,15
0.83946,-0.50099	,00000001,16
0.64932,1.4994	,00000001,17
0.93149,1.9261	,00000001,18
0.23967,0.46029	,00000001,19
0.72325,0.16144	,00000001,20
0.19498,1.6864	,00000001,21
0.58733,0.39667	,00000001,22
0.19101,3.338	,00000010,0
0.72764,4.2006	,00000010,1
-0.83119,3.7003	,00000010,2
0.35022,2.3833	,00000010,3
0.031264,2.5074	,00000010,4
-0.52022,3.9878	,00000010,5
0.11761,4.1046	,00000010,6
0.52134,3.401	,00000010,7
-0.88239,3.4996	,00000010,8
-0.57641,2.9822	,00000010,9
-2.1812,3.0364	,00000010,10
0.079006,4.1545	,00000010,11
-2.9849,4.0469	,00000010,12
-0.057652,4.0884	,00000010,13
0.22113,4.079	,00000010,14
0.11045,2.6936	,00000010,15
0.26008,3.5646	,00000010,16
-0.006275,2.9138	,00000010,17
-3.0622,3.7326	,00000010,18
0.36006,2.6646	,00000010,19
-1.4138,3.1871	,00000010,20
-0.35964,2.5142	,00000010,21
-1.6218,2.6259	,00000010,22
0.82313,3.126	,00000011,0
1.1341,4.2356	,00000011,1
1.5664,3.5907	,00000011,2
1.4847,2.6878	,00000011,3
1.3151,2.8224	,00000011,4
1.8408,3.7781	,00000011,5
1.1646,4.1976	,00000011,6
1.5123,3.2743	,00000011,7
1.4865,2.4731	,00000011,8
1.7777,4.0417	,00000011,9
1.1256,3.7002	,00000011,10
1.2146,2.8729	,00000011,11
0.80453,2.6286	,00000011,12
1.1783,3.8007	,00000011,13
1.617,3.5695	,00000011,14
1.0053,2.1557	,00000011,15
1.7129,4.1558	,00000011,16
1.4597,4.3172	,00000011,17
0.96339,2.3527	,00000011,18
1.5097,4.2372	,00000011,19
0.83391,4.2502	,00000011,20
1.8529,3.1615	,00000011,21
1.1214,4.1916	,00000011,22
1.2282,2.4598	,00000011,23
1.9629,-3.378	,00000100,0
2.5,2.7708	,00000100,1
2.3947,-0.056318	,00000100,2
2.6503,2.7638	,00000100,3
2.0568,-1.2281	,00000100,4
2.2816,2.3272	,00000100,5
2.3043,1.1719	,00000100,6
2.5268,1.6102	,00000100,7
2.5965,-1.7104	,00000100,8
1.9241,2.2388	,00000100,9
2.3158,2.7221	,00000100,10
2.6791,1.4954	,00000100,11
2.3328,0.052223	,00000100,12
1.9226,1.6635	,00000100,13
2.3966,2.406	,00000100,14
1.9666,1.5202	,00000100,15
2.386,2.563	,00000100,16
2.7066,-2.2997	,00000100,17
1.9056,2.2657	,00000100,18
2.1094,1.2173	,00000100,19
2.5295,2.2321	,00000100,20
2.0137,1.3529	,00000100,21
2.4688,2.0665	,00000100,22
3.4409,1.9033	,00000101,0
3.5627,1.287	,00000101,1
3.3746,0.95953	,00000101,2
2.7261,2.3882	,00000101,3
3.739,2.07	,00000101,4
3.7317,0.92118	,00000101,5
3.5737,2.7748	,00000101,6
3.0077,1.0112	,00000101,7
3.6141,0.74623	,00000101,8
3.6775,2.2496	,00000101,9
3.7678,-0.088389	,00000101,10
2.9611,1.8708	,00000101,11
3.0515,1.4385	,00000101,12
3.624,2.6741	,00000101,13
2.8892,2.2897	,00000101,14
3.388,1.9567	,00000101,15
3.938,2.4171	,00000101,16
3.4024,0.42637	,00000101,17
3.4769,-0.13471	,00000101,18
2.857,-1.147	,00000101,19
2.8363,-0.29192	,00000101,20
3.9056,2.2683	,00000101,21
3.9585,2.772	,00000101,22
2.8646,1.5945	,00000101,23
2.3226,3.9073	,00000110,0
2.5964,3.819	,00000110,1
2.8368,4.2609	,00000110,2
2.4551,2.7952	,00000110,3
2.2391,2.813	,00000110,4
2.0553,2.7837	,00000110,5
2.4343,4.0952	,00000110,6
2.304,2.8927	,00000110,7
2.6407,3.2711	,00000110,8
2.9068,3.4952	,00000110,9
2.6594,3.4563	,00000110,10
2.3443,3.9778	,00000110,11
2.6204,4.3111	,00000110,12
2.7715,3.9263	,00000110,13
2.3142,4.1097	,00000110,14
2.119,3.3344	,00000110,15
2.2854,2.915	,00000110,16
2.6666,3.8632	,00000110,17
2.9397,4.0088	,00000110,18
1.9684,3.6826	,00000110,19
2.8594,4.1423	,00000110,20
2.9113,3.6042	,00000110,21
2.299,3.1208	,00000110,22
3.2344,3.926	,00000111,0
3.1426,3.5731	,00000111,1
3.9108,3.3055	,00000111,2
3.9144,3.3516	,00000111,3
3.2212,3.9596	,00000111,4
3.6434,3.7884	,00000111,5
3.7755,3.2291	,00000111,6
3.4606,4.2118	,00000111,7
3.5513,3.5182	,00000111,8
3.2417,4.1998	,00000111,9
3.8915,3.5708	,00000111,10
3.2152,3.2589	,00000111,11
3.207,4.0707	,00000111,12
3.4422,2.9553	,00000111,13
3.2061,3.2191	,00000111,14
3.7765,4.1456	,00000111,15
3.6099,4.073	,00000111,16
3.8697,3.514	,00000111,17
2.9591,3.0624	,00000111,18
3.1686,3.0473	,00000111,19
2.9971,4.0154	,00000111,20
3.846,2.9229	,00000111,21
3.3177,4.3001	,00000111,22
3.4297,3.4754	,00000111,23
0.089566,4.9904	,00001000,0
0.50724,5.2643	,00001000,1
-3.3143,4.8955	,00001000,2
0.50432,4.526	,00001000,3
-0.082251,4.4049	,00001000,4
-0.34865,4.8264	,00001000,5
-3.1172,5.2932	,00001000,6
-2.1645,5.0836	,00001000,7
-0.84214,4.5329	,00001000,8
0.038988,5.0171	,00001000,9
0.21699,4.7958	,00001000,10
0.55888,5.5558	,00001000,11
0.69286,5.266	,00001000,12
0.49591,4.3389	,00001000,13
-1.214,4.5463	,00001000,14
-1.088,5.3499	,00001000,15
0.055114,5.3752	,00001000,16
0.21924,4.8408	,00001000,17
0.61107,4.715	,00001000,18
-0.13279,5.544	,00001000,19
-0.27629,4.3424	,00001000,20
0.48403,4.6764	,00001000,21
-2.9494,5.4528	,00001000,22
1.6676,5.3361	,00001001,0
1.4464,4.3944	,00001001,1
1.9071,4.3851	,00001001,2
1.6005,5.3506	,00001001,3
1.7579,5.3615	,00001001,4
1.108,5.2103	,00001001,5
1.5016,5.125	,00001001,6
0.80791,5.2087	,00001001,7
1.5409,4.9381	,00001001,8
1.9484,5.1476	,00001001,9
0.97535,4.5443	,00001001,10
1.8254,5.1482	,00001001,11
1.7831,4.7667	,00001001,12
1.8094,5.0324	,00001001,13
1.5496,4.8857	,00001001,14
0.96202,5.2471	,00001001,15
1.8964,4.3539	,00001001,16
1.6396,4.8307	,00001001,17
0.92293,4.5947	,00001001,18
1.8185,4.8868	,00001001,19
1.7185,5.0631	,00001001,20
2.0327,5.6168	,00001001,21
2.0271,5.4537	,00001001,22
2.0337,5.5318	,00001001,23
-0.61267,6.4225	,00001010,0
0.0060064,6.1568	,00001010,1
-1.5668,6.8445	,00001010,2
0.38223,5.8626	,00001010,3
0.5454,5.637	,00001010,4
0.35632,5.8844	,00001010,5
-3.9721,6.4899	,00001010,6
-0.11623,6.2828	,00001010,7
-2.3272,6.2721	,00001010,8
0.52694,5.728	,00001010,9
-0.5945,5.8947	,00001010,10
0.66978,6.5219	,00001010,11
0.53891,5.8891	,00001010,12
-2.5229,6.5183	,00001010,13
-3.2767,7.0493	,00001010,14
-0.40518,6.2398	,00001010,15
0.23376,6.4234	,00001010,16
-0.25126,5.7305	,00001010,17
0.45562,6.2723	,00001010,18
0.62933,6.441	,00001010,19
0.34333,6.7619	,00001010,20
-0.30339,6.5224	,00001010,21
-0.19727,6.1832	,00001010,22
1.7865,6.8816	,00001011,0
1.1827,6.2686	,00001011,1
1.9349,6.0997	,00001011,2
1.5499,6.2338	,00001011,3
1.0321,5.6231	,00001011,4
1.5099,6.8343	,00001011,5
1.3369,6.923	,00001011,6
1.017,6.4467	,00001011,7
1.1553,5.9517	,00001011,8
0.86969,6.0573	,00001011,9
1.8235,6.2626	,00001011,10
1.5935,7.0034	,00001011,11
1.0068,6.2212	,00001011,12
1.3903,6.9753	,00001011,13
1.5757,6.4141	,00001011,14
1.7535,6.6409	,00001011,15
0.91828,6.5262	,00001011,16
0.80825,6.568	,00001011,17
2.0129,7.0435	,00001011,18
1.3596,5.8046	,00001011,19
1.6617,6.0505	,00001011,20
1.3308,6.9811	,00001011,21
1.1427,6.4933	,00001011,22
0.67407,6.609	,00001011,23
2.971,5.5727	,00001100,0
3.0584,4.4418	,00001100,1
2.8325,5.429	,00001100,2
2.2694,5.5678	,00001100,3
2.3838,5.0209	,00001100,4
2.5593,4.4619	,00001100,5
2.3442,5.3383	,00001100,6
2.0613,4.3304	,00001100,7
2.6406,4.7997	,00001100,8
3.1094,4.9489	,00001100,9
3.0951,5.3733	,00001100,10
2.2657,4.5092	,00001100,11
2.1553,4.342	,00001100,12
2.47,5.5244	,00001100,13
2.3798,4.9659	,00001100,14
2.1036,5.4198	,00001100,15
2.6509,4.5973	,00001100,16
2.9655,5.1002	,00001100,17
2.7916,4.3232	,00001100,18
2.8348,4.4369	,00001100,19
3.1144,4.3626	,00001100,20
2.2113,4.8304	,00001100,21
2.8907,4.4096	,00001100,22
3.2428,4.4984	,00001101,0
3.6064,4.6451	,00001101,1
3.22,4.5218	,00001101,2
3.6033,4.3181	,00001101,3
3.7561,5.5029	,00001101,4
3.2209,5.601	,00001101,5
3.9225,4.5869	,00001101,6
3.5209,5.0214	,00001101,7
3.6607,4.8888	,00001101,8
3.8762,4.6419	,00001101,9
3.7143,4.8625	,00001101,10
3.5288,5.0134	,00001101,11
3.2578,4.7505	,00001101,12
3.7687,4.8297	,00001101,13
3.2302,5.1963	,00001101,14
3.9023,4.8502	,00001101,15
3.1549,4.6652	,00001101,16
3.6164,5.4094	,00001101,17
3.6613,5.5722	,00001101,18
3.762,4.9155	,00001101,19
3.4915,5.3321	,00001101,20
3.7889,5.3828	,00001101,21
3.9025,4.3814	,00001101,22
3.6509,4.7757	,00001101,23
2.9207,5.8901	,00001110,0
2.3938,6.9793	,00001110,1
2.3701,6.2691	,00001110,2
2.2604,6.7886	,00001110,3
2.0828,5.8661	,00001110,4
2.7856,6.5771	,00001110,5
2.7259,5.7296	,00001110,6
2.2984,6.3193	,00001110,7
2.7119,5.9339	,00001110,8
3.002,6.611	,00001110,9
2.2754,6.4348	,00001110,10
3.0032,5.7335	,00001110,11
2.8057,5.9348	,00001110,12
2.5894,5.6041	,00001110,13
2.8881,6.445	,00001110,14
3.0534,6.3293	,00001110,15
2.8185,6.4239	,00001110,16
2.865,5.8651	,00001110,17
2.1006,5.6452	,00001110,18
3.0042,7.0023	,00001110,19
2.5271,6.4135	,00001110,20
2.3318,5.6069	,00001110,21
2.3639,6.4464	,00001110,22
3.5718,5.7651	,00001111,0
3.2067,6.8097	,00001111,1
3.6814,7.0739	,00001111,2
3.3164,5.8536	,00001111,3
3.9215,5.7994	,00001111,4
3.3334,5.6112	,00001111,5
3.8372,6.7387	,00001111,6
3.6091,7.0116	,00001111,7
3.2576,6.9258	,00001111,8
3.1723,6.5189	,00001111,9
3.8558,6.5625	,00001111,10
3.497,6.4532	,00001111,11
3.194,5.8805	,00001111,12
3.5966,7.062	,00001111,13
3.8666,6.3194	,00001111,14
3.1531,6.28	,00001111,15
3.9613,6.7572	,00001111,16
3.7584,6.1324	,00001111,17
3.5688,6.0099	,00001111,18
3.094,6.8535	,00001111,19
3.5992,6.3416	,00001111,20
3.5848,6.7999	,00001111,21
3.1061,6.6945	,00001111,22
3.7568,6.7912	,00001111,23
4.2007,-1.129	,00010000,0
4.187,0.12844	,00010000,1
4.6102,1.2131	,00010000,2
4.2984,0.44313	,00010000,3
4.669,2.0586	,00010000,4
4.4315,-1.0315	,00010000,5
4.3521,2.0632	,00010000,6
4.6707,0.79056	,00010000,7
4.4583,2.2292	,00010000,8
4.82,-0.48421	,00010000,9
4.3107,1.245	,00010000,10
4.4053,-0.33705	,00010000,11
4.1795,-1.9424	,00010000,12
4.0701,-0.40638	,00010000,13
3.9688,0.3451	,00010000,14
4.6929,-1.8575	,00010000,15
4.5766,1.8963	,00010000,16
4.0259,0.91779	,00010000,17
4.3884,0.95994	,00010000,18
4.5493,2.2228	,00010000,19
4.4106,0.75587	,00010000,20
4.0823,-0.98855	,00010000,21
4.0486,1.637	,00010000,22
5.6134,1.6976	,00010001,0
5.6846,0.19874	,00010001,1
5.7675,-2.7029	,00010001,2
4.8939,1.6604	,00010001,3
5.1714,2.0729	,00010001,4
4.9729,1.8651	,00010001,5
4.904,-0.12189	,00010001,6
5.7542,-0.45363	,00010001,7
5.06,1.4889	,00010001,8
5.1741,-2.7112	,00010001,9
5.5747,2.2247	,00010001,10
5.083,1.1769	,00010001,11
5.0695,2.1189	,00010001,12
5.6664,1.0519	,00010001,13
5.7134,0.73878	,00010001,14
5.3009,1.1443	,00010001,15
5.7686,-1.6746	,00010001,16
5.3057,-0.35447	,00010001,17
4.9037,0.37662	,00010001,18
5.4196,-0.60034	,00010001,19
5.5099,0.2438	,00010001,20
5.534,-2.8933	,00010001,21
5.8412,1.7473	,00010001,22
4.6862,3.5405	,00010010,0
4.3267,3.8168	,00010010,1
4.0588,3.9532	,00010010,2
4.2998,2.9341	,00010010,3
4.4868,2.8031	,00010010,4
4.1281,3.0004	,00010010,5
3.9837,2.8801	,00010010,6
4.8136,3.5199	,00010010,7
4.8164,2.2776	,00010010,8
4.6082,3.2191	,00010010,9
4.1979,3.2746	,00010010,10
4.3459,3.2194	,00010010,11
4.0069,3.3824	,00010010,12
4.6879,3.1288	,00010010,13
4.8217,2.24	,00010010,14
4.3455,3.6679	,00010010,15
4.457,3.703	,00010010,16
4.0026,3.4147	,00010010,17
4.2147,3.8735	,00010010,18
4.2553,2.4978	,00010010,19
4.5405,3.3807	,00010010,20
4.6187,3.7148	,00010010,21
4.2643,3.6698	,00010010,22
5.125,3.2606	,00010011,0
5.2005,3.354	,00010011,1
5.7613,3.5513	,00010011,2
4.8609,3.2704	,00010011,3
5.1264,3.6508	,00010011,4
5.4355,2.6274	,00010011,5
5.4578,3.8571	,00010011,6
5.0329,2.504	,00010011,7
4.8599,3.8083	,00010011,8
5.3641,2.2635	,00010011,9
4.9966,3.6618	,00010011,10
5.1122,3.2562	,00010011,11
4.9899,3.845	,00010011,12
5.2787,3.9049	,00010011,13
4.9682,2.4057	,00010011,14
5.1691,3.6031	,00010011,15
5.7341,2.8661	,00010011,16
5.2295,3.8945	,00010011,17
5.5289,2.2877	,00010011,18
5.3487,2.8042	,00010011,19
5.6663,3.1545	,00010011,20
5.7239,2.7085	,00010011,21
5.3274,3.4882	,00010011,22
5.0767,2.2568	,00010011,23
6.5018,2.0202	,00010100,0
6.0838,1.5931	,00010100,1
5.918,0.37931	,00010100,2
6.5236,1.3213	,00010100,3
5.9845,1.2744	,00010100,4
6.0942,0.57263	,00010100,5
6.8462,-1.2887	,00010100,6
6.4756,-0.60585	,00010100,7
6.7028,2.3246	,00010100,8
6.5474,2.2004	,00010100,9
6.6473,0.82006	,00010100,10
6.9508,1.8843	,00010100,11
5.9308,0.56039	,00010100,12
6.0781,-0.89356	,00010100,13
6.3549,-1.2362	,00010100,14
6.1586,0.68255	,00010100,15
5.9806,0.9179	,00010100,16
6.0509,1.3002	,00010100,17
5.8978,-1.6147	,00010100,18
5.9373,0.25245	,00010100,19
6.3749,1.0753	,00010100,20
6.7511,0.99675	,00010100,21
5.9153,1.8243	,00010100,22
8.1466,2.1105	,00010101,0
9.1938,0.24759	,00010101,1
8.2067,1.7523	,00010101,2
8.2694,2.0834	,00010101,3
8.575,0.43433	,00010101,4
7.3232,0.89459	,00010101,5
7.8505,1.019	,00010101,6
8.6444,0.35685	,00010101,7
9.0401,0.37776	,00010101,8
7.3614,-0.91896	,00010101,9
8.6553,2.037	,00010101,10
9.5685,0.40534	,00010101,11
7.4864,-1.9099	,00010101,12
7.1465,1.4092	,00010101,13
8.859,0.46302	,00010101,14
9.0123,1.3122	,00010101,15
9.0386,0.83843	,00010101,16
9.9166,1.7795	,00010101,17
8.5759,1.2645	,00010101,18
7.3288,-0.074408	,00010101,19
7.8024,1.869	,00010101,20
8.5902,0.05232	,00010101,21
8.4727,-0.42063	,00010101,22
7.692,1.8391	,00010101,23
6.3375,2.3837	,00010110,0
6.4034,2.9971	,00010110,1
6.1978,3.2677	,00010110,2
6.282,3.5476	,00010110,3
6.3515,3.07	,00010110,4
6.0528,3.7254	,00010110,5
6.2157,3.459	,00010110,6
6.3566,3.3067	,00010110,7
6.2332,3.3153	,00010110,8
6.1602,3.524	,00010110,9
5.9051,2.4864	,00010110,10
6.1751,3.5931	,00010110,11
6.0736,2.5268	,00010110,12
6.4177,3.0272	,00010110,13
6.6843,3.1763	,00010110,14
5.8915,3.7989	,00010110,15
5.9165,3.1954	,00010110,16
6.1411,2.9946	,00010110,17
5.8749,3.9587	,00010110,18
6.3618,3.9314	,00010110,19
6.0112,3.0094	,00010110,20
6.0094,3.5491	,00010110,21
6.0698,3.2386	,00010110,22
7.3175,3.0251	,00010111,0
7.1661,2.9824	,00010111,1
7.9555,2.708	,00010111,2
7.627,2.3701	,00010111,3
7.6735,3.7492	,00010111,4
8.73,2.4497	,00010111,5
8.0378,3.3341	,00010111,6
9.2485,2.9328	,00010111,7
6.8273,3.5483	,00010111,8
7.1473,2.5948	,00010111,9
7.502,3.8085	,00010111,10
8.2184,3.8512	,00010111,11
6.8117,2.8046	,00010111,12
8.4099,2.706	,00010111,13
6.8725,3.6743	,00010111,14
7.9028,2.8377	,00010111,15
7.1935,3.9899	,00010111,16
7.0677,2.9957	,00010111,17
9.2887,3.4209	,00010111,18
9.9175,3.4197	,00010111,19
7.296,2.8086	,00010111,20
9.0188,2.969	,00010111,21
7.3576,3.2043	,00010111,22
7.1666,2.5946	,00010111,23
4.8274,4.1307	,00011000,0
4.7157,4.4021	,00011000,1
4.7562,4.2879	,00011000,2
4.2167,4.5975	,00011000,3
4.4339,5.2932	,00011000,4
4.6952,4.9063	,00011000,5
4.3752,5.2451	,00011000,6
4.0077,4.2894	,00011000,7
4.7932,5.2136	,00011000,8
4.5535,4.8071	,00011000,9
4.6875,4.6208	,00011000,10
4.1912,5.5199	,00011000,11
4.7719,4.1941	,00011000,12
4.7578,5.0178	,00011000,13
4.5308,4.6014	,00011000,14
4.3837,4.1087	,00011000,15
4.026,4.6477	,00011000,16
4.3253,4.2027	,00011000,17
4.2792,4.7012	,00011000,18
4.2229,4.3523	,00011000,19
4.0487,5.3516	,00011000,20
4.3619,5.4398	,00011000,21
3.9873,3.9924	,00011000,22
5.2996,4.6193	,00011001,0
5.8093,5.5333	,00011001,1
5.7103,5.484	,00011001,2
5.6327,4.549	,00011001,3
5.5715,5.0683	,00011001,4
4.9249,5.1351	,00011001,5
5.9008,5.2479	,00011001,6
5.2199,4.3958	,00011001,7
6.0493,5.3824	,00011001,8
5.5564,4.0724	,00011001,9
6.0584,4.3906	,00011001,10
5.312,5.3387	,00011001,11
5.056,5.1382	,00011001,12
5.4441,4.4771	,00011001,13
5.6887,5.2616	,00011001,14
5.9778,4.9118	,00011001,15
5.9788,5.1311	,00011001,16
4.9033,5.0091	,00011001,17
6.1441,5.0681	,00011001,18
4.862,4.5421	,00011001,19
5.2509,5.0414	,00011001,20
4.8962,4.0723	,00011001,21
5.7679,4.0143	,00011001,22
4.906,4.6336	,00011001,23
4.7191,5.6393	,00011010,0
4.4727,5.8038	,00011010,1
4.2594,5.643	,00011010,2
4.7045,6.0879	,00011010,3
4.2184,6.4554	,00011010,4
4.0681,6.8003	,00011010,5
4.501,6.9929	,00011010,6
4.4673,6.674	,00011010,7
4.6877,5.9145	,00011010,8
4.3111,5.7355	,00011010,9
4.4243,6.17	,00011010,10
4.7217,5.8372	,00011010,11
4.1351,6.7567	,00011010,12
4.2434,5.7917	,00011010,13
4.7574,6.0112	,00011010,14
4.5887,6.2438	,00011010,15
4.5015,5.7222	,00011010,16
4.7604,5.7791	,00011010,17
4.3845,6.6617	,00011010,18
4.0178,6.5105	,00011010,19
4.2381,6.5762	,00011010,20
4.1259,6.2887	,00011010,21
4.4775,6.5698	,00011010,22
5.352,5.8374	,00011011,0
6.2436,6.3414	,00011011,1
5.3024,6.9333	,00011011,2
5.0878,6.3963	,00011011,3
5.3853,6.4021	,00011011,4
6.0962,6.121	,00011011,5
5.3703,6.0898	,00011011,6
5.8393,6.9225	,00011011,7
6.0473,6.9277	,00011011,8
4.8981,6.3369	,00011011,9
6.087,5.5365	,00011011,10
6.1546,6.9394	,00011011,11
6.0331,6.8181	,00011011,12
5.8882,5.6715	,00011011,13
5.794,6.993	,00011011,14
5.4087,7.0116	,00011011,15
5.7633,6.6982	,00011011,16
5.3216,6.4939	,00011011,17
4.805,6.4608	,00011011,18
5.9138,5.7033	,00011011,19
4.811,6.0224	,00011011,20
5.3104,5.9399	,00011011,21
5.4576,6.1287	,00011011,22
5.6774,6.207	,00011011,23
7.4688,5.2175	,00011100,0
6.7338,4.8097	,00011100,1
7.2806,4.9957	,00011100,2
6.3777,5.1721	,00011100,3
6.2654,5.4593	,00011100,4
6.4042,5.1334	,00011100,5
7.0995,4.0813	,00011100,6
6.4694,4.6498	,00011100,7
6.9748,5.5048	,00011100,8
6.2694,4.0666	,00011100,9
6.6396,5.0246	,00011100,10
6.9486,5.2902	,00011100,11
6.9679,5.3894	,00011100,12
6.557,5.1551	,00011100,13
6.6658,4.4639	,00011100,14
7.1582,4.7363	,00011100,15
6.3259,5.34	,00011100,16
6.4535,5.2681	,00011100,17
6.3165,5.1801	,00011100,18
6.8852,4.7833	,00011100,19
6.7394,4.2892	,00011100,20
6.8206,5.1163	,00011100,21
7.1399,4.597	,00011100,22
7.9158,4.5757	,00011101,0
7.8102,5.103	,00011101,1
10.104,4.5963	,00011101,2
9.3766,4.187	,00011101,3
9.3642,5.4761	,00011101,4
8.1923,5.2599	,00011101,5
9.5761,4.4883	,00011101,6
9.1392,4.3342	,00011101,7
9.3334,5.1109	,00011101,8
8.1166,4.3734	,00011101,9
8.3243,4.6138	,00011101,10
8.655,4.3844	,00011101,11
7.8778,4.1425	,00011101,12
9.6251,4.3152	,00011101,13
8.9349,4.0574	,00011101,14
8.3931,4.2842	,00011101,15
8.6487,4.58	,00011101,16
8.503,5.3352	,00011101,17
9.5795,4.6521	,00011101,18
9.442,4.0915	,00011101,19
8.3816,4.9953	,00011101,20
8.6082,5.5614	,00011101,21
9.6897,4.1032	,00011101,22
9.7674,4.8121	,00011101,23
7.461,5.8591	,00011110,0
6.9667,6.1246	,00011110,1
6.4474,6.4635	,00011110,2
7.1263,6.8165	,00011110,3
7.21,5.6557	,00011110,4
7.1854,6.4987	,00011110,5
7.4295,5.8575	,00011110,6
7.1084,5.8229	,00011110,7
6.8388,6.8315	,00011110,8
6.63,6.7199	,00011110,9
6.9404,5.5637	,00011110,10
7.0529,6.2027	,00011110,11
7.321,5.6463	,00011110,12
7.124,6.8702	,00011110,13
6.4723,7.0357	,00011110,14
6.4096,6.0708	,00011110,15
7.0459,6.5911	,00011110,16
7.2273,6.4441	,00011110,17
7.4637,7.0242	,00011110,18
7.0854,6.1517	,00011110,19
6.395,6.5521	,00011110,20
7.5316,5.6958	,00011110,21
7.1092,6.3546	,00011110,22
9.0881,5.6543	,00011111,0
9.2592,6.1736	,00011111,1
9.2123,6.5838	,00011111,2
8.3452,6.9946	,00011111,3
8.3818,6.9763	,00011111,4
8.6874,6.8094	,00011111,5
9.6239,5.7004	,00011111,6
9.8412,6.8082	,00011111,7
8.6295,5.8384	,00011111,8
9.1942,6.2749	,00011111,9
8.0101,7.0325	,00011111,10
7.8566,6.6876	,00011111,11
7.7459,6.1333	,00011111,12
7.9009,6.7513	,00011111,13
7.8935,6.7616	,00011111,14
9.0229,6.3653	,00011111,15
8.6099,5.9725	,00011111,16
9.3163,6.2596	,00011111,17
9.1592,6.7901	,00011111,18
7.8848,6.5578	,00011111,19
8.0283,6.9352	,00011111,20
8.5042,5.618	,00011111,21
8.1026,6.7011	,00011111,22
9.4254,6.651	,00011111,23
1.0087,7.5372	,00100000,0
0.85582,7.8686	,00100000,1
-2.7803,7.4399	,00100000,2
0.19088,7.8898	,00100000,3
1.5113,7.8109	,00100000,4
0.3881,7.5856	,00100000,5
0.083709,7.5708	,00100000,6
-2.3655,8.3157	,00100000,7
1.3164,7.6759	,00100000,8
-0.42663,7.6073	,00100000,9
0.68605,8.3202	,00100000,10
-0.82491,8.3197	,00100000,11
0.90705,7.7363	,00100000,12
-1.5687,7.3494	,00100000,13
0.76428,7.6334	,00100000,14
1.4598,8.1533	,00100000,15
-0.9227,7.139	,00100000,16
-1.5289,7.5543	,00100000,17
0.1906,7.9306	,00100000,18
-1.2811,7.7044	,00100000,19
1.5408,8.1666	,00100000,20
1.2089,7.7695	,00100000,21
-1.2449,7.6377	,00100000,22
3.2049,7.5295	,00100001,0
3.848,7.5998	,00100001,1
2.3403,7.4967	,00100001,2
3.3618,8.3495	,00100001,3
1.8666,8.2468	,00100001,4
2.9551,7.2338	,00100001,5
3.4071,7.205	,00100001,6
2.6863,8.0885	,00100001,7
3.7012,8.2423	,00100001,8
2.6807,7.8342	,00100001,9
3.8179,8.2415	,00100001,10
2.8773,7.613	,00100001,11
3.8988,7.1947	,00100001,12
3.606,7.5846	,00100001,13
3.0941,8.2027	,00100001,14
3.8255,7.5629	,00100001,15
3.6364,7.4941	,00100001,16
3.7659,7.3822	,00100001,17
3.4122,7.6356	,00100001,18
2.9364,7.7782	,00100001,19
3.895,7.5186	,00100001,20
2.345,8.2068	,00100001,21
3.0298,7.3082	,00100001,22
0.37129,9.4827	,00100010,0
-0.074272,9.2714	,00100010,1
-0.02343,8.6692	,00100010,2
-1.1229,10.168	,00100010,3
1.2249,8.8357	,00100010,4
2.3081,10.121	,00100010,5
1.7735,9.8638	,00100010,6
0.95372,10.049	,00100010,7
0.75644,9.5873	,00100010,8
1.0673,10.044	,00100010,9
-0.34603,9.5706	,00100010,10
-1.4747,9.1914	,00100010,11
-3.0649,8.5134	,00100010,12
2.27,9.3651	,00100010,13
-1.7592,8.9899	,00100010,14
0.23918,9.0144	,00100010,15
2.1031,10.068	,00100010,16
2.0002,8.5885	,00100010,17
-0.28372,8.6856	,00100010,18
-0.807,8.3578	,00100010,19
-0.33801,8.563	,00100010,20
-1.986,9.6779	,00100010,21
-0.73797,9.6503	,00100010,22
3.8326,8.3782	,00100011,0
3.0371,8.3737	,00100011,1
3.1761,8.4055	,00100011,2
3.691,9.4462	,00100011,3
2.3936,8.7233	,00100011,4
2.3369,9.6279	,00100011,5
3.5011,8.7652	,00100011,6
2.7526,9.5299	,00100011,7
3.0439,8.5582	,00100011,8
3.553,8.9521	,00100011,9
3.0459,10.096	,00100011,10
2.9866,9.6204	,00100011,11
2.8257,9.0919	,00100011,12
3.1333,8.5032	,00100011,13
3.345,9.3559	,00100011,14
3.3529,10.376	,00100011,15
3.9235,10.166	,00100011,16
3.2953,9.5727	,00100011,17
2.6871,8.6778	,00100011,18
3.8937,8.5897	,00100011,19
2.7156,9.1821	,00100011,20
3.3382,9.0731	,00100011,21
3.8266,8.3599	,00100011,22
2.7077,8.7674	,00100011,23
5.2859,7.1604	,00100100,0
4.6418,8.0181	,00100100,1
4.2432,7.3286	,00100100,2
5.3638,7.6927	,00100100,3
4.2091,7.2297	,00100100,4
4.6589,7.8327	,00100100,5
4.6947,8.2626	,00100100,6
4.7967,7.0785	,00100100,7
4.1886,7.3096	,00100100,8
4.8249,7.6646	,00100100,9
5.1982,7.2779	,00100100,10
5.4538,7.8188	,00100100,11
3.9984,7.0976	,00100100,12
4.5672,8.2192	,00100100,13
4.9766,7.1453	,00100100,14
4.2102,7.7414	,00100100,15
4.2925,7.1229	,00100100,16
4.9955,7.2293	,00100100,17
4.7455,7.8366	,00100100,18
5.095,8.079	,00100100,19
4.6641,8.0136	,00100100,20
4.0042,8.3818	,00100100,21
5.4239,7.2593	,00100100,22
6.1701,8.3235	,00100101,0
5.6629,7.5591	,00100101,1
6.6926,7.477	,00100101,2
5.6093,8.0546	,00100101,3
5.8385,7.4732	,00100101,4
5.5725,8.0884	,00100101,5
6.1697,7.9898	,00100101,6
6.3754,7.5995	,00100101,7
6.6189,7.6814	,00100101,8
6.5071,7.7475	,00100101,9
7.4613,7.8249	,00100101,10
5.8776,7.2679	,00100101,11
5.8017,7.7179	,00100101,12
5.4707,7.7441	,00100101,13
6.8686,7.5949	,00100101,14
5.7207,8.0611	,00100101,15
5.6233,7.614	,00100101,16
6.3735,8.2477	,00100101,17
6.9094,8.124	,00100101,18
5.4979,7.1006	,00100101,19
5.8666,7.7535	,00100101,20
6.141,7.3325	,00100101,21
6.9071,7.558	,00100101,22
6.3517,7.6191	,00100101,23
4.9138,8.9367	,00100110,0
3.9871,8.6572	,00100110,1
4.354,9.0736	,00100110,2
4.1803,8.4153	,00100110,3
5.0927,9.2893	,00100110,4
4.5638,8.5688	,00100110,5
4.9563,9.0788	,00100110,6
3.9561,9.219	,00100110,7
4.811,8.977	,00100110,8
5.0087,10.227	,00100110,9
4.0722,9.4279	,00100110,10
4.6315,9.4745	,00100110,11
4.9404,9.5857	,00100110,12
5.0583,10.178	,00100110,13
4.1661,9.1283	,00100110,14
4.4824,9.0879	,00100110,15
4.819,8.4695	,00100110,16
4.7176,10.105	,00100110,17
4.4779,8.4883	,00100110,18
5.0946,8.5101	,00100110,19
5.0834,10.433	,00100110,20
4.6247,9.146	,00100110,21
4.7694,8.6863	,00100110,22
5.7434,9.1133	,00100111,0
5.6531,9.448	,00100111,1
5.8389,10.27	,00100111,2
7.3172,9.9189	,00100111,3
5.3777,8.9334	,00100111,4
6.3661,9.4273	,00100111,5
6.1147,10.366	,00100111,6
5.1816,9.0676	,00100111,7
6.5721,9.7011	,00100111,8
7.3516,8.5509	,00100111,9
5.4737,8.9295	,00100111,10
7.5111,9.6519	,00100111,11
5.8374,10.02	,00100111,12
5.2456,9.2455	,00100111,13
6.4942,9.8632	,00100111,14
5.4457,9.7533	,00100111,15
5.981,8.838	,00100111,16
5.5085,8.8864	,00100111,17
5.5315,8.8752	,00100111,18
6.988,9.7659	,00100111,19
6.4441,9.4989	,00100111,20
7.1693,10.076	,00100111,21
6.2763,9.4285	,00100111,22
5.5518,10.076	,00100111,23
-0.36126,11.893	,00101000,0
2.8279,11.71	,00101000,1
0.5896,10.984	,00101000,2
0.19768,12.245	,00101000,3
2.2533,12.821	,00101000,4
3.8311,10.975	,00101000,5
4.577,10.532	,00101000,6
1.5991,11.922	,00101000,7
3.1352,10.903	,00101000,8
0.62041,10.884	,00101000,9
2.5193,10.893	,00101000,10
2.0864,12.058	,00101000,11
-5.3377,10.729	,00101000,12
4.5571,11.862	,00101000,13
-2.6426,11.074	,00101000,14
2.6774,11.038	,00101000,15
0.59515,12.523	,00101000,16
-2.005,10.621	,00101000,17
3.6385,10.845	,00101000,18
2.9459,13.048	,00101000,19
-0.40597,12.088	,00101000,20
-0.96061,12.991	,00101000,21
3.9627,10.876	,00101000,22
5.1206,11.637	,00101001,0
6.2634,13.352	,00101001,1
4.6417,12.633	,00101001,2
4.74,10.479	,00101001,3
5.9597,12.442	,00101001,4
6.4404,12.97	,00101001,5
6.4044,12.266	,00101001,6
5.2505,12.467	,00101001,7
5.3168,11.67	,00101001,8
5.4098,13.062	,00101001,9
6.2516,11.255	,00101001,10
6.2471,12.725	,00101001,11
6.0554,13.939	,00101001,12
4.9531,13.397	,00101001,13
5.5797,13.52	,00101001,14
5.9274,10.69	,00101001,15
5.0174,10.915	,00101001,16
5.5524,11.684	,00101001,17
6.2792,12.268	,00101001,18
4.9517,11.682	,00101001,19
5.5965,12.416	,00101001,20
5.6713,12.463	,00101001,21
5.5877,10.772	,00101001,22
6.0135,13.775	,00101001,23
5.2976,18.258	,00101010,0
5.0969,19.589	,00101010,1
4.4639,16.992	,00101010,2
5.1124,18.819	,00101010,3
4.5763,19.959	,00101010,4
4.3259,15.37	,00101010,5
2.3758,19.677	,00101010,6
5.4532,16.918	,00101010,7
4.1888,15.239	,00101010,8
4.2969,14.222	,00101010,9
4.9667,15.068	,00101010,10
4.6741,16.24	,00101010,11
5.4857,17.086	,00101010,12
5.53,18.422	,00101010,13
4.0586,16.673	,00101010,14
4.2315,17.869	,00101010,15
4.2337,13.965	,00101010,16
4.0279,14.915	,00101010,17
4.8026,17.707	,00101010,18
4.8339,16.039	,00101010,19
0.16188,15.352	,00101010,20
5.4547,16.506	,00101010,21
3.4908,16.216	,00101010,22
6.2486,15.731	,00101011,0
6.2338,16.161	,00101011,1
6.0751,17.742	,00101011,2
6.4032,16.012	,00101011,3
6.4515,18.732	,00101011,4
6.4863,16.243	,00101011,5
6.5024,18.009	,00101011,6
5.8456,15.286	,00101011,7
5.9806,16.746	,00101011,8
6.0464,14.619	,00101011,9
5.9497,21.525	,00101011,10
6.5084,14.463	,00101011,11
6.439,20.628	,00101011,12
5.7176,17.154	,00101011,13
6.458,17.909	,00101011,14
6.4025,20.787	,00101011,15
6.3093,14.174	,00101011,16
6.0605,17.711	,00101011,17
6.4493,14.858	,00101011,18
6.3857,17.129	,00101011,19
5.688,17.208	,00101011,20
5.8171,19.22	,00101011,21
5.7428,14.63	,00101011,22
6.1315,18.797	,00101011,23
6.7278,11.644	,00101100,0
6.747,12.271	,00101100,1
6.7595,12.965	,00101100,2
6.7985,14.31	,00101100,3
6.7658,15.014	,00101100,4
6.9297,11.293	,00101100,5
6.83,14.269	,00101100,6
6.9112,14.833	,00101100,7
6.7199,10.989	,00101100,8
7.0024,12.655	,00101100,9
6.7289,13.297	,00101100,10
6.6669,14.514	,00101100,11
6.8932,12.294	,00101100,12
6.6298,11.091	,00101100,13
6.8071,14.992	,00101100,14
6.9464,13.828	,00101100,15
6.913,14.87	,00101100,16
6.6221,12.252	,00101100,17
6.9146,14.248	,00101100,18
6.89,13.643	,00101100,19
6.6651,12.652	,00101100,20
6.6869,14.256	,00101100,21
6.8242,13.117	,00101100,22
7.1292,14.736	,00101101,0
7.2329,14.767	,00101101,1
7.2642,12.142	,00101101,2
7.3245,11.049	,00101101,3
7.2536,10.651	,00101101,4
7.5206,12.838	,00101101,5
7.1959,12.436	,00101101,6
7.4149,14.388	,00101101,7
7.3281,14.347	,00101101,8
7.3909,13.064	,00101101,9
7.2136,11.241	,00101101,10
7.1597,13.694	,00101101,11
7.4946,12.49	,00101101,12
7.4876,14.669	,00101101,13
7.277,10.685	,00101101,14
7.1788,12.124	,00101101,15
7.1458,14.613	,00101101,16
7.02,12.863	,00101101,17
7.1389,14.46	,00101101,18
7.4194,10.508	,00101101,19
7.4061,13.47	,00101101,20
7.5304,14.628	,00101101,21
7.028,13.093	,00101101,22
7.5548,12.678	,00101101,23
6.5289,15.596	,00101110,0
7.1643,15.594	,00101110,1
6.7389,15.945	,00101110,2
7.1482,15.216	,00101110,3
6.8024,17.099	,00101110,4
6.7149,17.996	,00101110,5
6.779,15.306	,00101110,6
6.8954,20.915	,00101110,7
6.9293,18.278	,00101110,8
6.6391,16.047	,00101110,9
6.6256,15.444	,00101110,10
7.0249,15.722	,00101110,11
7.0143,16.439	,00101110,12
7.0509,17.111	,00101110,13
7.0461,15.704	,00101110,14
7.106,16.039	,00101110,15
6.5729,15.966	,00101110,16
6.6734,18.488	,00101110,17
6.8899,17.36	,00101110,18
7.0372,18.66	,00101110,19
6.8662,23.452	,00101110,20
6.9249,16.162	,00101110,21
6.8896,17.393	,00101110,22
7.1793,15.52	,00101111,0
7.2942,17.711	,00101111,1
7.5576,17.072	,00101111,2
7.2406,19.804	,00101111,3
7.1903,15.454	,00101111,4
7.2809,16.243	,00101111,5
7.4441,15.863	,00101111,6
7.5127,19.123	,00101111,7
7.4328,17.342	,00101111,8
7.394,16.28	,00101111,9
7.5195,15.202	,00101111,10
7.4838,16.246	,00101111,11
7.3937,15.17	,00101111,12
7.2844,16.314	,00101111,13
7.2997,15.217	,00101111,14
7.3516,18.745	,00101111,15
7.2479,16.177	,00101111,16
7.358,17.15	,00101111,17
7.4746,17.234	,00101111,18
7.5561,15.997	,00101111,19
7.5644,16.181	,00101111,20
7.174,15.726	,00101111,21
7.2154,19.886	,00101111,22
7.22,21.142	,00101111,23
7.769,8.1587	,00110000,0
7.7369,12.926	,00110000,1
8.2363,10.408	,00110000,2
7.7246,10.778	,00110000,3
7.9405,11.591	,00110000,4
7.9478,12.937	,00110000,5
7.7146,11.376	,00110000,6
7.7418,8.5308	,00110000,7
7.7681,7.1292	,00110000,8
7.6249,9.6453	,00110000,9
8.1648,12.109	,00110000,10
8.0064,8.4244	,00110000,11
7.8054,7.8151	,00110000,12
7.9462,13.112	,00110000,13
7.575,7.4091	,00110000,14
8.0523,7.2949	,00110000,15
7.762,8.3553	,00110000,16
7.5914,7.6174	,00110000,17
7.9922,10.711	,00110000,18
7.9936,12.289	,00110000,19
8.0896,11.681	,00110000,20
7.6697,11.219	,00110000,21
8.1911,8.6514	,00110000,22
8.5969,12.818	,00110001,0
8.7498,12.605	,00110001,1
8.3397,12.159	,00110001,2
8.7936,7.4053	,00110001,3
8.6387,10.96	,00110001,4
8.3367,8.1594	,00110001,5
8.3038,12.276	,00110001,6
8.854,9.521	,00110001,7
8.3782,12.022	,00110001,8
8.6155,11.874	,00110001,9
8.9439,9.0398	,00110001,10
8.4134,9.9148	,00110001,11
8.7993,12.74	,00110001,12
8.2899,12.767	,00110001,13
8.305,12.745	,00110001,14
8.9215,12.139	,00110001,15
8.6822,13.01	,00110001,16
8.5903,8.4225	,00110001,17
8.6909,12.882	,00110001,18
8.4564,11.911	,00110001,19
8.6893,10.872	,00110001,20
8.7971,12.232	,00110001,21
8.2655,7.5383	,00110001,22
8.2469,13.499	,00110010,0
7.7258,13.263	,00110010,1
8.3412,13.924	,00110010,2
8.1855,14.218	,00110010,3
8.2824,14.472	,00110010,4
7.9688,13.591	,00110010,5
8.237,14.002	,00110010,6
8.4122,13.19	,00110010,7
8.0543,13.832	,00110010,8
7.6531,13.939	,00110010,9
7.6496,14.34	,00110010,10
8.0129,13.849	,00110010,11
8.2912,14.498	,00110010,12
7.6849,14.345	,00110010,13
8.417,14.453	,00110010,14
7.915,14.506	,00110010,15
7.9258,14.442	,00110010,16
8.1326,14.311	,00110010,17
7.9667,14.377	,00110010,18
8.1899,14.81	,00110010,19
7.6961,14.021	,00110010,20
7.8078,13.222	,00110010,21
7.66,14.376	,00110010,22
8.6235,14.273	,00110011,0
8.7386,13.2	,00110011,1
8.7752,13.18	,00110011,2
8.8901,13.588	,00110011,3
8.6249,13.14	,00110011,4
8.4642,13.64	,00110011,5
8.89,14.836	,00110011,6
8.854,14.036	,00110011,7
8.5622,13.214	,00110011,8
8.6481,14.165	,00110011,9
8.8237,14.561	,00110011,10
8.6304,14.108	,00110011,11
8.898,13.174	,00110011,12
8.8736,14.437	,00110011,13
8.8984,14.671	,00110011,14
8.5839,14.599	,00110011,15
8.9054,13.74	,00110011,16
8.7749,13.819	,00110011,17
8.6152,13.279	,00110011,18
8.6001,13.298	,00110011,19
8.4938,14.463	,00110011,20
8.6111,13.466	,00110011,21
8.9112,14.072	,00110011,22
8.7216,14.261	,00110011,23
9.0667,9.981	,00110100,0
9.6519,13.183	,00110100,1
9.3212,13.406	,00110100,2
9.5846,8.2852	,00110100,3
9.4894,11.701	,00110100,4
8.9705,9.7515	,00110100,5
9.2256,12.092	,00110100,6
9.3927,10.343	,00110100,7
9.1517,12.445	,00110100,8
9.1529,8.844	,00110100,9
9.0499,10.679	,00110100,10
9.1898,11.743	,00110100,11
9.5121,11.266	,00110100,12
9.045,9.2839	,00110100,13
9.5003,12.515	,00110100,14
9.5446,13.33	,00110100,15
9.643,11.968	,00110100,16
9.073,12.219	,00110100,17
9.5435,12.472	,00110100,18
9.5729,10.808	,00110100,19
8.9599,12.867	,00110100,20
9.1501,13.418	,00110100,21
9.093,12.787	,00110100,22
9.7869,12.608	,00110101,0
9.9867,13.269	,00110101,1
9.6852,10.993	,00110101,2
10.149,11.366	,00110101,3
9.7367,12.754	,00110101,4
10.057,10.586	,00110101,5
9.8743,13.304	,00110101,6
10.153,11.022	,00110101,7
9.9229,12.77	,00110101,8
9.8104,10.845	,00110101,9
10.105,13.367	,00110101,10
9.7148,7.1791	,00110101,11
9.9746,11.199	,00110101,12
10.124,9.9303	,00110101,13
9.9662,13.181	,00110101,14
9.9494,12.891	,00110101,15
10.154,12.301	,00110101,16
10.021,11.667	,00110101,17
10.067,10.11	,00110101,18
9.781,11.67	,00110101,19
9.693,13.101	,00110101,20
9.685,11.527	,00110101,21
10.04,12.254	,00110101,22
10.147,9.3315	,00110101,23
9.1812,14.196	,00110110,0
9.2769,14.48	,00110110,1
9.0687,14.3	,00110110,2
9.3518,13.546	,00110110,3
9.3809,14.347	,00110110,4
9.3592,13.578	,00110110,5
9.0133,14.447	,00110110,6
9.0943,14.518	,00110110,7
9.1342,14.191	,00110110,8
9.3525,14.241	,00110110,9
9.0503,14.397	,00110110,10
9.3749,14.123	,00110110,11
9.2312,14.544	,00110110,12
9.3632,14.61	,00110110,13
9.1074,13.771	,00110110,14
9.31,14.727	,00110110,15
9.1111,13.86	,00110110,16
9.0486,14.54	,00110110,17
8.997,14.123	,00110110,18
9.394,14.796	,00110110,19
9.3818,14.59	,00110110,20
9.3641,14.151	,00110110,21
9.2999,13.835	,00110110,22
9.5596,14.356	,00110111,0
9.6337,13.79	,00110111,1
9.6761,14.443	,00110111,2
9.9114,13.833	,00110111,3
9.9272,13.616	,00110111,4
10.002,13.706	,00110111,5
9.9301,13.654	,00110111,6
10.006,14.42	,00110111,7
9.6787,14.71	,00110111,8
9.7089,14.011	,00110111,9
9.8989,14.708	,00110111,10
9.8936,13.787	,00110111,11
9.8175,14.302	,00110111,12
10.021,14.712	,00110111,13
9.9204,14.495	,00110111,14
9.6815,14.243	,00110111,15
10.048,14.145	,00110111,16
9.715,14.817	,00110111,17
9.5343,13.755	,00110111,18
10.006,13.679	,00110111,19
9.4429,14.429	,00110111,20
9.9896,14.177	,00110111,21
9.8167,13.554	,00110111,22
9.9367,14.663	,00110111,23
7.9921,14.949	,00111000,0
8.2229,16.031	,00111000,1
7.6387,15.172	,00111000,2
7.6773,15.777	,00111000,3
8.0408,15.286	,00111000,4
8.2244,15.121	,00111000,5
8.0908,15.858	,00111000,6
8.3249,15.121	,00111000,7
7.5768,15.509	,00111000,8
8.3891,15.37	,00111000,9
8.1694,15.295	,00111000,10
7.9993,14.907	,00111000,11
7.6997,16.036	,00111000,12
8.0727,14.862	,00111000,13
8.2188,14.908	,00111000,14
7.9995,16.007	,00111000,15
8.1371,15.051	,00111000,16
7.8441,15.657	,00111000,17
8.3139,15.898	,00111000,18
8.0206,16.155	,00111000,19
7.9601,15.102	,00111000,20
8.0956,15.274	,00111000,21
8.2114,15.026	,00111000,22
9.0733,15.706	,00111001,0
9.0249,15.763	,00111001,1
8.8483,15.493	,00111001,2
8.6106,16.077	,00111001,3
8.7974,16.154	,00111001,4
8.3945,15.434	,00111001,5
8.6481,15.276	,00111001,6
9.0353,16.163	,00111001,7
8.6804,15.017	,00111001,8
8.7508,15.428	,00111001,9
8.4516,15.343	,00111001,10
8.9597,15.596	,00111001,11
8.6771,14.972	,00111001,12
9.0468,15.35	,00111001,13
8.4491,15.527	,00111001,14
8.587,15.464	,00111001,15
8.5396,14.861	,00111001,16
8.5918,16.172	,00111001,17
8.6692,16.036	,00111001,18
8.3937,15.504	,00111001,19
8.6379,15.496	,00111001,20
8.4346,15.707	,00111001,21
9.1188,15.727	,00111001,22
8.9483,15.763	,00111001,23
8.3775,16.669	,00111010,0
8.5738,21.386	,00111010,1
8.3672,17.93	,00111010,2
7.9259,17.575	,00111010,3
7.9921,17.586	,00111010,4
7.8206,16.618	,00111010,5
7.968,17.295	,00111010,6
7.9668,16.498	,00111010,7
7.667,16.219	,00111010,8
8.4375,20.763	,00111010,9
8.0351,16.636	,00111010,10
7.8088,17.185	,00111010,11
7.7211,17.261	,00111010,12
7.6055,19.118	,00111010,13
7.8692,16.613	,00111010,14
8.0396,20.652	,00111010,15
8.1657,16.34	,00111010,16
8.4512,19.138	,00111010,17
8.1927,16.536	,00111010,18
8.182,18.971	,00111010,19
8.258,17.651	,00111010,20
7.8256,16.57	,00111010,21
7.7341,18.132	,00111010,22
8.928,18.003	,00111011,0
9.0833,17.133	,00111011,1
8.9228,17.314	,00111011,2
8.5796,16.46	,00111011,3
8.9201,19.93	,00111011,4
9.0921,16.18	,00111011,5
8.6886,16.616	,00111011,6
8.791,19.812	,00111011,7
8.6186,19.181	,00111011,8
8.9274,17.522	,00111011,9
8.6487,17.618	,00111011,10
9.1394,21.571	,00111011,11
8.9449,18.076	,00111011,12
8.6641,16.181	,00111011,13
8.6449,17.039	,00111011,14
8.5875,18.564	,00111011,15
9.0411,18.341	,00111011,16
9.1316,17.268	,00111011,17
9.043,20.479	,00111011,18
9.0084,16.288	,00111011,19
8.9815,18.699	,00111011,20
8.6884,18.04	,00111011,21
8.6421,18.779	,00111011,22
8.9513,18.415	,00111011,23
9.6153,15.011	,00111100,0
9.3938,16.572	,00111100,1
9.6088,15.018	,00111100,2
9.3639,15.491	,00111100,3
9.1598,15.468	,00111100,4
9.6479,15.825	,00111100,5
9.2728,14.958	,00111100,6
9.1554,15.082	,00111100,7
9.2611,15.305	,00111100,8
9.3085,16.045	,00111100,9
9.4557,15.499	,00111100,10
9.5893,16.187	,00111100,11
9.5848,15.271	,00111100,12
9.2701,16.384	,00111100,13
9.3419,15.719	,00111100,14
9.1861,15.599	,00111100,15
9.3242,16.24	,00111100,16
9.2271,16.085	,00111100,17
9.3523,16.478	,00111100,18
9.2602,16.513	,00111100,19
9.4418,15.697	,00111100,20
9.1851,16.315	,00111100,21
9.3714,15.16	,00111100,22
9.891,16.077	,00111101,0
9.8009,15.411	,00111101,1
10.11,16.434	,00111101,2
9.8027,15.925	,00111101,3
9.8111,14.861	,00111101,4
9.8671,16.42	,00111101,5
10.015,16.233	,00111101,6
9.9202,14.878	,00111101,7
9.7235,15.467	,00111101,8
9.6727,16.095	,00111101,9
9.9359,15.653	,00111101,10
9.8057,14.931	,00111101,11
10.056,16.47	,00111101,12
9.8014,16.463	,00111101,13
9.6504,15.625	,00111101,14
9.661,16.47	,00111101,15
10.103,16.052	,00111101,16
9.8276,15.313	,00111101,17
9.723,14.909	,00111101,18
9.8822,16.276	,00111101,19
9.9684,16.435	,00111101,20
9.7667,14.888	,00111101,21
10.04,15.287	,00111101,22
9.6868,15.334	,00111101,23
9.2194,17.905	,00111110,0
9.3273,17.781	,00111110,1
9.2939,19.82	,00111110,2
9.1469,16.824	,00111110,3
9.4246,18.734	,00111110,4
9.6783,17.11	,00111110,5
9.1869,16.635	,00111110,6
9.2603,17.615	,00111110,7
9.221,19.161	,00111110,8
9.4652,18.557	,00111110,9
9.3508,17.065	,00111110,10
9.6706,16.684	,00111110,11
9.5159,16.8	,00111110,12
9.4789,17.735	,00111110,13
9.2079,16.885	,00111110,14
9.4717,19.39	,00111110,15
9.4596,18.326	,00111110,16
9.1726,18.773	,00111110,17
9.5927,18.074	,00111110,18
9.2138,17.755	,00111110,19
9.2923,17.86	,00111110,20
9.5201,17.152	,00111110,21
9.6351,18.227	,00111110,22
10.147,17.789	,00111111,0
9.7477,18.63	,00111111,1
9.8584,17.743	,00111111,2
9.6809,16.642	,00111111,3
9.756,17.647	,00111111,4
9.9376,19.218	,00111111,5
9.8621,19.878	,00111111,6
9.7031,17.036	,00111111,7
9.7048,19.772	,00111111,8
9.8088,16.945	,00111111,9
9.9695,19.798	,00111111,10
9.9132,17.931	,00111111,11
9.8633,17.758	,00111111,12
9.8513,17.647	,00111111,13
9.8575,17.093	,00111111,14
10.059,18.615	,00111111,15
9.7399,16.693	,00111111,16
9.8759,17.123	,00111111,17
9.9894,17.986	,00111111,18
9.9174,16.792	,00111111,19
10.136,18.371	,00111111,20
9.9143,17.056	,00111111,21
9.9641,18.445	,00111111,22
9.9987,16.713	,00111111,23
10.479,6.5241	,01000000,0
10.878,7.291	,01000000,1
10.771,5.8014	,01000000,2
11.508,6.8571	,01000000,3
10.161,4.1316	,01000000,4
11.87,-0.98394	,01000000,5
11.368,5.9796	,01000000,6
11.226,5.0466	,01000000,7
11.256,6.3932	,01000000,8
11.601,5.934	,01000000,9
10.556,7.4382	,01000000,10
11.525,5.1936	,01000000,11
10.965,6.0627	,01000000,12
12.064,7.7673	,01000000,13
11.133,4.6648	,01000000,14
11.369,7.2929	,01000000,15
11.733,4.5493	,01000000,16
11.43,6.1126	,01000000,17
10.986,6.2707	,01000000,18
11.479,6.4673	,01000000,19
10.589,3.3504	,01000000,20
11.828,6.2164	,01000000,21
11.681,3.8097	,01000000,22
12.443,3.9537	,01000001,0
12.242,7.7567	,01000001,1
12.541,5.7263	,01000001,2
12.815,6.7743	,01000001,3
12.893,6.3327	,01000001,4
12.201,5.6734	,01000001,5
12.725,6.9311	,01000001,6
12.336,5.59	,01000001,7
12.493,6.9735	,01000001,8
13.02,3.802	,01000001,9
12.696,7.6517	,01000001,10
13.061,5.6279	,01000001,11
12.404,3.9714	,01000001,12
12.096,1.6064	,01000001,13
12.759,3.3094	,01000001,14
13.134,7.0407	,01000001,15
12.766,7.6663	,01000001,16
12.8,6.1636	,01000001,17
12.328,7.2602	,01000001,18
12.758,6.4494	,01000001,19
12.777,6.4764	,01000001,20
13.142,6.553	,01000001,21
12.248,6.8084	,01000001,22
10.879,8.6909	,01000010,0
10.176,8.4425	,01000010,1
11.252,8.4173	,01000010,2
12.295,9.3922	,01000010,3
10.343,9.3646	,01000010,4
10.292,9.1551	,01000010,5
12.094,8.3428	,01000010,6
11.987,9.3252	,01000010,7
11.701,7.9111	,01000010,8
11.253,8.5552	,01000010,9
11.779,9.1336	,01000010,10
10.959,8.7038	,01000010,11
10.625,8.0672	,01000010,12
10.566,9.4009	,01000010,13
11.962,7.7692	,01000010,14
11.122,7.932	,01000010,15
11.405,7.8901	,01000010,16
11.466,7.9282	,01000010,17
11.745,8.9998	,01000010,18
11.949,8.6548	,01000010,19
12.277,8.083	,01000010,20
11.443,8.7106	,01000010,21
11.391,8.7914	,01000010,22
12.354,8.3383	,01000011,0
12.954,7.9507	,01000011,1
13.119,9.2004	,01000011,2
12.507,9.043	,01000011,3
13.004,8.1038	,01000011,4
13.143,8.5819	,01000011,5
12.463,7.7909	,01000011,6
12.573,8.4431	,01000011,7
13.084,9.1335	,01000011,8
12.882,8.7507	,01000011,9
12.976,8.2351	,01000011,10
12.481,9.386	,01000011,11
12.461,8.892	,01000011,12
12.87,8.4191	,01000011,13
12.71,7.9066	,01000011,14
12.412,9.4031	,01000011,15
12.681,8.934	,01000011,16
13.152,8.3065	,01000011,17
12.567,8.2555	,01000011,18
12.847,9.3581	,01000011,19
12.344,7.7719	,01000011,20
12.329,8.6092	,01000011,21
12.407,8.4624	,01000011,22
12.552,8.0855	,01000011,23
13.87,7.448	,01000100,0
13.676,7.5686	,01000100,1
13.93,6.6291	,01000100,2
13.604,8.1771	,01000100,3
13.889,6.7015	,01000100,4
14.018,7.7402	,01000100,5
13.74,7.4782	,01000100,6
13.931,8.2707	,01000100,7
13.361,6.4983	,01000100,8
13.3,5.1494	,01000100,9
13.502,7.6395	,01000100,10
13.616,8.1592	,01000100,11
13.705,5.848	,01000100,12
13.615,7.7756	,01000100,13
13.323,8.4585	,01000100,14
13.44,7.2902	,01000100,15
13.854,8.2182	,01000100,16
13.924,8.3753	,01000100,17
13.318,7.2163	,01000100,18
13.642,4.4146	,01000100,19
13.979,8.0444	,01000100,20
13.644,7.6802	,01000100,21
13.324,8.3154	,01000100,22
14.338,7.3408	,01000101,0
14.583,7.3064	,01000101,1
14.592,7.9711	,01000101,2
14.845,6.6077	,01000101,3
14.821,7.2808	,01000101,4
14.826,8.0467	,01000101,5
14.259,8.1932	,01000101,6
14.602,6.9509	,01000101,7
14.243,7.7297	,01000101,8
14.064,5.5264	,01000101,9
14.119,7.6636	,01000101,10
14.224,6.4721	,01000101,11
14.785,8.1664	,01000101,12
14.627,7.9355	,01000101,13
14.368,7.6257	,01000101,14
14.307,7.9139	,01000101,15
14.02,8.1547	,01000101,16
14.743,7.1642	,01000101,17
14.138,5.1335	,01000101,18
14.749,8.4494	,01000101,19
14.238,5.902	,01000101,20
14.151,8.2588	,01000101,21
14.651,6.5769	,01000101,22
14.708,7.5246	,01000101,23
13.646,9.1218	,01000110,0
13.21,8.5483	,01000110,1
13.746,8.8896	,01000110,2
14.0,8.5138	,01000110,3
14.094,8.8474	,01000110,4
13.869,8.5951	,01000110,5
13.378,9.0605	,01000110,6
13.561,9.1854	,01000110,7
13.97,8.5301	,01000110,8
13.956,9.3968	,01000110,9
13.876,9.4064	,01000110,10
13.896,9.3185	,01000110,11
13.342,8.8495	,01000110,12
13.857,8.61	,01000110,13
13.411,9.0463	,01000110,14
14.064,9.2127	,01000110,15
13.518,9.3611	,01000110,16
13.704,8.5225	,01000110,17
13.882,9.2716	,01000110,18
13.877,8.4814	,01000110,19
13.866,8.7472	,01000110,20
13.569,8.7743	,01000110,21
13.826,8.542	,01000110,22
14.181,9.2842	,01000111,0
14.85,8.8194	,01000111,1
14.1,8.5092	,01000111,2
14.74,9.382	,01000111,3
14.477,8.8392	,01000111,4
14.716,8.5165	,01000111,5
14.106,8.9709	,01000111,6
14.331,9.3436	,01000111,7
14.293,9.3392	,01000111,8
14.628,8.6369	,01000111,9
14.701,9.0121	,01000111,10
14.471,9.3804	,01000111,11
14.471,8.8127	,01000111,12
14.111,9.2422	,01000111,13
14.306,8.7083	,01000111,14
14.762,9.1923	,01000111,15
14.271,8.9968	,01000111,16
14.446,8.6982	,01000111,17
14.428,9.0487	,01000111,18
14.481,9.3064	,01000111,19
14.49,9.284	,01000111,20
14.274,9.0694	,01000111,21
14.62,8.9836	,01000111,22
14.897,8.6153	,01000111,23
10.164,9.9957	,01001000,0
11.772,9.6886	,01001000,1
12.393,9.9936	,01001000,2
11.524,9.6975	,01001000,3
12.479,9.8939	,01001000,4
12.386,9.4363	,01001000,5
11.55,9.5992	,01001000,6
12.324,9.8653	,01001000,7
11.697,10.188	,01001000,8
10.352,10.075	,01001000,9
11.923,9.9082	,01001000,10
12.278,9.6032	,01001000,11
11.964,9.6472	,01001000,12
12.656,9.7843	,01001000,13
12.478,9.8638	,01001000,14
12.664,9.5592	,01001000,15
12.101,9.8843	,01001000,16
10.89,10.056	,01001000,17
12.359,10.011	,01001000,18
11.444,9.5502	,01001000,19
12.149,9.5616	,01001000,20
10.255,10.195	,01001000,21
12.67,9.684	,01001000,22
12.671,10.176	,01001001,0
12.741,9.81	,01001001,1
13.361,9.9588	,01001001,2
13.426,9.8871	,01001001,3
13.479,10.042	,01001001,4
13.089,9.4904	,01001001,5
13.081,9.4611	,01001001,6
12.745,10.167	,01001001,7
13.334,10.083	,01001001,8
13.298,9.5963	,01001001,9
12.949,9.7298	,01001001,10
12.975,10.165	,01001001,11
13.11,9.4651	,01001001,12
13.475,9.4372	,01001001,13
13.34,9.4915	,01001001,14
13.072,10.14	,01001001,15
12.818,9.467	,01001001,16
12.889,9.5001	,01001001,17
12.984,9.6962	,01001001,18
13.306,9.5448	,01001001,19
13.445,10.224	,01001001,20
12.795,10.177	,01001001,21
12.872,10.139	,01001001,22
13.366,9.9238	,01001001,23
10.367,10.302	,01001010,0
10.331,10.642	,01001010,1
12.37,10.25	,01001010,2
12.021,10.423	,01001010,3
12.063,10.827	,01001010,4
10.782,10.848	,01001010,5
12.131,11.015	,01001010,6
10.67,10.522	,01001010,7
12.202,10.789	,01001010,8
11.925,10.948	,01001010,9
12.245,10.363	,01001010,10
12.256,10.855	,01001010,11
10.738,10.818	,01001010,12
11.159,10.427	,01001010,13
11.937,10.596	,01001010,14
12.337,10.771	,01001010,15
12.489,10.949	,01001010,16
12.166,10.487	,01001010,17
11.066,10.628	,01001010,18
11.608,10.233	,01001010,19
11.88,10.792	,01001010,20
10.651,11.012	,01001010,21
11.432,10.547	,01001010,22
13.011,10.964	,01001011,0
13.441,10.7	,01001011,1
13.367,10.823	,01001011,2
12.571,10.59	,01001011,3
12.697,10.425	,01001011,4
13.122,10.846	,01001011,5
12.588,10.575	,01001011,6
12.706,10.371	,01001011,7
13.4,10.234	,01001011,8
12.913,10.705	,01001011,9
12.872,11.045	,01001011,10
12.685,10.485	,01001011,11
12.946,11.017	,01001011,12
12.718,10.857	,01001011,13
13.021,10.415	,01001011,14
12.693,10.593	,01001011,15
12.753,10.961	,01001011,16
13.24,10.536	,01001011,17
12.78,11.015	,01001011,18
13.104,10.634	,01001011,19
13.384,10.943	,01001011,20
12.637,10.848	,01001011,21
13.095,10.996	,01001011,22
13.005,10.814	,01001011,23
14.101,9.7315	,01001100,0
13.55,10.099	,01001100,1
13.92,9.9773	,01001100,2
13.632,10.098	,01001100,3
13.896,10.226	,01001100,4
14.194,9.5488	,01001100,5
14.08,9.5407	,01001100,6
13.505,10.241	,01001100,7
13.54,10.022	,01001100,8
13.77,9.5614	,01001100,9
13.844,9.6728	,01001100,10
14.225,9.5073	,01001100,11
14.094,9.8665	,01001100,12
14.04,9.6413	,01001100,13
13.923,10.014	,01001100,14
13.605,9.5901	,01001100,15
13.808,9.8869	,01001100,16
14.24,9.4282	,01001100,17
13.708,9.5536	,01001100,18
13.598,9.5693	,01001100,19
14.223,9.6246	,01001100,20
13.546,9.9245	,01001100,21
13.522,9.8445	,01001100,22
14.437,9.7768	,01001101,0
14.487,10.131	,01001101,1
14.661,10.221	,01001101,2
14.372,9.6279	,01001101,3
14.41,9.5751	,01001101,4
14.686,10.009	,01001101,5
14.26,9.6064	,01001101,6
14.774,9.9258	,01001101,7
14.495,9.6656	,01001101,8
14.846,9.8865	,01001101,9
14.738,9.7634	,01001101,10
14.406,9.9659	,01001101,11
14.736,9.5454	,01001101,12
14.64,9.4745	,01001101,13
14.681,10.014	,01001101,14
14.31,10.067	,01001101,15
14.505,9.8337	,01001101,16
14.494,9.4665	,01001101,17
14.851,9.4304	,01001101,18
14.48,9.6812	,01001101,19
14.767,9.8505	,01001101,20
14.81,9.9083	,01001101,21
14.841,9.9437	,01001101,22
14.545,9.5334	,01001101,23
13.685,10.302	,01001110,0
13.722,10.577	,01001110,1
13.846,10.379	,01001110,2
13.85,10.957	,01001110,3
14.141,10.623	,01001110,4
13.623,10.733	,01001110,5
13.866,10.88	,01001110,6
13.652,10.574	,01001110,7
13.549,10.842	,01001110,8
13.913,10.846	,01001110,9
13.736,10.28	,01001110,10
13.909,10.964	,01001110,11
13.98,10.35	,01001110,12
13.689,10.355	,01001110,13
14.018,10.942	,01001110,14
14.204,10.623	,01001110,15
14.06,10.403	,01001110,16
13.734,10.43	,01001110,17
13.748,10.96	,01001110,18
14.19,11.051	,01001110,19
13.888,10.405	,01001110,20
14.151,10.486	,01001110,21
13.688,10.411	,01001110,22
14.463,10.587	,01001111,0
14.859,10.255	,01001111,1
14.369,10.886	,01001111,2
14.665,10.969	,01001111,3
14.259,10.963	,01001111,4
14.715,10.51	,01001111,5
14.556,10.407	,01001111,6
14.481,10.401	,01001111,7
14.448,11.013	,01001111,8
14.733,10.894	,01001111,9
14.713,10.673	,01001111,10
14.222,10.286	,01001111,11
14.837,10.335	,01001111,12
14.314,10.382	,01001111,13
14.397,10.249	,01001111,14
14.544,10.569	,01001111,15
14.839,10.755	,01001111,16
14.243,10.577	,01001111,17
14.28,10.593	,01001111,18
14.774,10.381	,01001111,19
14.335,10.489	,01001111,20
14.744,10.273	,01001111,21
14.435,10.853	,01001111,22
14.212,10.949	,01001111,23
15.207,7.4967	,01010000,0
14.979,6.8967	,01010000,1
15.047,6.3957	,01010000,2
15.274,7.1706	,01010000,3
15.366,8.1486	,01010000,4
15.384,7.9309	,01010000,5
15.12,5.3717	,01010000,6
15.134,5.914	,01010000,7
15.407,7.4754	,01010000,8
15.288,5.979	,01010000,9
15.055,6.0076	,01010000,10
15.306,8.1528	,01010000,11
15.547,6.3439	,01010000,12
15.125,6.7523	,01010000,13
15.017,7.2785	,01010000,14
15.462,5.4284	,01010000,15
15.446,8.039	,01010000,16
15.259,7.3066	,01010000,17
15.447,7.1937	,01010000,18
15.199,6.9621	,01010000,19
15.032,7.758	,01010000,20
15.235,8.0421	,01010000,21
15.27,6.442	,01010000,22
16.023,4.7378	,01010001,0
15.722,7.4513	,01010001,1
16.111,7.368	,01010001,2
15.649,7.9101	,01010001,3
15.707,7.6593	,01010001,4
15.602,6.9177	,01010001,5
15.867,7.4295	,01010001,6
15.713,8.0793	,01010001,7
15.946,6.2664	,01010001,8
16.179,5.5502	,01010001,9
16.076,7.7984	,01010001,10
16.169,6.3642	,01010001,11
16.007,6.8292	,01010001,12
15.87,6.4304	,01010001,13
16.178,4.8647	,01010001,14
15.783,4.8592	,01010001,15
16.142,7.1592	,01010001,16
16.227,7.8315	,01010001,17
15.603,6.5854	,01010001,18
16.123,6.7992	,01010001,19
15.596,7.7736	,01010001,20
16.05,8.1498	,01010001,21
15.781,8.0486	,01010001,22
15.405,8.8127	,01010010,0
15.176,9.1132	,01010010,1
15.231,8.8129	,01010010,2
15.412,9.1432	,01010010,3
14.928,9.0472	,01010010,4
14.943,8.9011	,01010010,5
14.937,8.1789	,01010010,6
14.941,8.8703	,01010010,7
15.005,8.9216	,01010010,8
14.972,8.5147	,01010010,9
14.989,8.5867	,01010010,10
15.132,8.8497	,01010010,11
15.2,8.6227	,01010010,12
15.002,8.9432	,01010010,13
15.36,8.9205	,01010010,14
15.17,8.3319	,01010010,15
15.085,8.6669	,01010010,16
15.305,9.1353	,01010010,17
15.23,9.112	,01010010,18
14.959,8.2781	,01010010,19
15.325,8.5354	,01010010,20
15.457,9.027	,01010010,21
14.913,9.0093	,01010010,22
16.019,8.1918	,01010011,0
15.741,8.8375	,01010011,1
16.111,8.7697	,01010011,2
15.8,8.9027	,01010011,3
15.899,8.5361	,01010011,4
15.75,8.8404	,01010011,5
15.779,9.0688	,01010011,6
15.645,8.2704	,01010011,7
15.909,8.1757	,01010011,8
15.664,9.1078	,01010011,9
15.957,8.4183	,01010011,10
15.548,8.16	,01010011,11
15.574,8.8469	,01010011,12
15.718,8.1712	,01010011,13
15.544,8.1851	,01010011,14
16.149,8.4723	,01010011,15
15.689,8.336	,01010011,16
15.542,9.0133	,01010011,17
16.156,8.5774	,01010011,18
15.573,9.2055	,01010011,19
15.459,8.7525	,01010011,20
15.751,9.1005	,01010011,21
15.885,8.9921	,01010011,22
16.174,9.0342	,01010011,23
16.439,7.1217	,01010100,0
17.098,7.6061	,01010100,1
16.287,7.0403	,01010100,2
16.834,7.3312	,01010100,3
16.279,6.9195	,01010100,4
16.277,7.8829	,01010100,5
16.967,7.9228	,01010100,6
16.265,5.5902	,01010100,7
16.65,6.2628	,01010100,8
16.765,7.2134	,01010100,9
16.668,8.0134	,01010100,10
16.323,7.5162	,01010100,11
16.389,7.7287	,01010100,12
16.396,7.0484	,01010100,13
16.367,7.5335	,01010100,14
16.32,7.2786	,01010100,15
16.292,6.835	,01010100,16
16.682,7.5475	,01010100,17
16.897,5.8075	,01010100,18
16.385,6.071	,01010100,19
16.583,7.3835	,01010100,20
17.215,7.2631	,01010100,21
16.57,5.8426	,01010100,22
17.764,8.0737	,01010101,0
17.567,7.346	,01010101,1
18.051,7.5096	,01010101,2
18.096,6.9046	,01010101,3
17.982,6.3862	,01010101,4
20.397,7.7376	,01010101,5
18.239,6.9753	,01010101,6
18.36,6.9185	,01010101,7
18.104,8.0247	,01010101,8
18.463,6.8317	,01010101,9
18.359,7.2256	,01010101,10
18.06,6.7015	,01010101,11
18.342,7.5415	,01010101,12
20.246,6.0107	,01010101,13
17.846,8.0556	,01010101,14
17.241,6.054	,01010101,15
17.535,7.9127	,01010101,16
17.804,7.8349	,01010101,17
17.219,6.6171	,01010101,18
18.05,6.9562	,01010101,19
18.944,7.853	,01010101,20
17.461,7.8927	,01010101,21
17.324,5.3934	,01010101,22
18.712,6.9369	,01010101,23
16.45,9.0621	,01010110,0
16.568,8.7133	,01010110,1
16.79,8.7842	,01010110,2
16.341,8.673	,01010110,3
16.27,8.3242	,01010110,4
16.382,8.3512	,01010110,5
16.427,8.6631	,01010110,6
16.369,9.1502	,01010110,7
16.698,8.1336	,01010110,8
16.34,9.0327	,01010110,9
16.477,8.9727	,01010110,10
16.278,8.7969	,01010110,11
16.261,9.1992	,01010110,12
16.612,8.6848	,01010110,13
16.38,8.8257	,01010110,14
16.44,9.016	,01010110,15
16.802,8.2164	,01010110,16
16.602,8.6647	,01010110,17
16.558,8.2558	,01010110,18
16.489,8.8768	,01010110,19
16.521,9.0317	,01010110,20
16.571,8.8711	,01010110,21
16.465,8.8452	,01010110,22
17.045,8.6638	,01010111,0
18.526,8.9473	,01010111,1
18.499,8.6219	,01010111,2
17.637,8.472	,01010111,3
18.153,8.2998	,01010111,4
17.449,9.1661	,01010111,5
16.885,9.0322	,01010111,6
16.874,8.5364	,01010111,7
17.098,8.3966	,01010111,8
17.602,8.5585	,01010111,9
17.212,8.6834	,01010111,10
18.346,8.646	,01010111,11
16.915,9.1162	,01010111,12
17.238,8.8029	,01010111,13
17.111,8.655	,01010111,14
17.692,8.8894	,01010111,15
18.945,8.9465	,01010111,16
17.111,8.3964	,01010111,17
19.393,8.9002	,01010111,18
17.335,9.2056	,01010111,19
17.197,8.5391	,01010111,20
17.418,8.2467	,01010111,21
17.94,8.4707	,01010111,22
20.84,8.8729	,01010111,23
15.039,9.3021	,01011000,0
15.505,10.012	,01011000,1
15.218,9.2112	,01011000,2
15.477,9.6014	,01011000,3
15.186,9.8008	,01011000,4
15.515,9.4627	,01011000,5
15.504,9.5253	,01011000,6
14.935,9.9001	,01011000,7
14.917,9.7613	,01011000,8
14.992,9.3283	,01011000,9
14.935,9.5876	,01011000,10
15.143,9.249	,01011000,11
15.458,9.7472	,01011000,12
14.948,9.7246	,01011000,13
15.005,9.5263	,01011000,14
15.256,9.4058	,01011000,15
15.144,9.7316	,01011000,16
15.354,9.7343	,01011000,17
15.017,9.7651	,01011000,18
15.149,9.5682	,01011000,19
15.217,9.4685	,01011000,20
15.369,9.8714	,01011000,21
15.463,9.9375	,01011000,22
15.597,9.3815	,01011001,0
15.529,10.142	,01011001,1
15.617,10.09	,01011001,2
16.179,9.3429	,01011001,3
15.575,9.6947	,01011001,4
16.048,10.046	,01011001,5
15.963,9.6514	,01011001,6
16.038,9.3816	,01011001,7
16.372,9.5937	,01011001,8
15.972,9.238	,01011001,9
15.852,9.2699	,01011001,10
15.834,10.028	,01011001,11
16.319,10.087	,01011001,12
15.866,9.7462	,01011001,13
15.604,9.7557	,01011001,14
15.602,10.006	,01011001,15
15.66,9.23	,01011001,16
15.813,9.5972	,01011001,17
15.704,10.092	,01011001,18
15.552,9.4204	,01011001,19
16.25,9.3058	,01011001,20
16.088,9.6993	,01011001,21
15.82,9.263	,01011001,22
16.319,9.9412	,01011001,23
14.904,11.042	,01011010,0
15.47,10.725	,01011010,1
15.012,11.007	,01011010,2
15.127,10.347	,01011010,3
14.948,10.533	,01011010,4
15.318,11.047	,01011010,5
15.289,10.195	,01011010,6
15.207,10.49	,01011010,7
15.173,10.429	,01011010,8
15.084,10.859	,01011010,9
15.162,10.528	,01011010,10
15.159,11.051	,01011010,11
15.25,10.163	,01011010,12
14.911,10.88	,01011010,13
15.241,10.293	,01011010,14
15.146,10.97	,01011010,15
15.392,10.829	,01011010,16
15.283,10.78	,01011010,17
15.032,10.234	,01011010,18
15.334,10.481	,01011010,19
15.479,10.426	,01011010,20
15.458,10.61	,01011010,21
15.315,10.536	,01011010,22
16.366,10.255	,01011011,0
15.537,10.974	,01011011,1
16.206,10.356	,01011011,2
15.599,10.891	,01011011,3
16.259,10.448	,01011011,4
15.481,10.558	,01011011,5
15.725,10.931	,01011011,6
16.126,10.174	,01011011,7
15.505,10.674	,01011011,8
15.924,10.935	,01011011,9
15.972,10.752	,01011011,10
15.901,10.558	,01011011,11
16.391,10.358	,01011011,12
15.507,10.519	,01011011,13
16.14,10.323	,01011011,14
15.914,10.727	,01011011,15
15.874,10.627	,01011011,16
16.276,10.469	,01011011,17
16.118,10.805	,01011011,18
15.875,10.226	,01011011,19
16.397,10.747	,01011011,20
15.881,10.996	,01011011,21
15.541,10.682	,01011011,22
16.267,10.165	,01011011,23
17.066,9.3875	,01011100,0
17.585,9.4283	,01011100,1
16.705,10.103	,01011100,2
16.513,9.3777	,01011100,3
16.76,10.016	,01011100,4
17.105,9.8242	,01011100,5
17.093,9.7313	,01011100,6
17.54,10.069	,01011100,7
16.603,10.089	,01011100,8
17.313,10.145	,01011100,9
16.777,9.6426	,01011100,10
16.544,10.12	,01011100,11
16.426,10.114	,01011100,12
16.923,9.8555	,01011100,13
16.826,9.5261	,01011100,14
16.585,10.115	,01011100,15
16.88,10.078	,01011100,16
16.646,9.7665	,01011100,17
17.187,9.9971	,01011100,18
16.575,9.2876	,01011100,19
16.429,10.045	,01011100,20
16.823,9.8731	,01011100,21
17.129,9.3266	,01011100,22
18.584,9.458	,01011101,0
18.103,9.5896	,01011101,1
19.107,9.4211	,01011101,2
17.744,9.5823	,01011101,3
21.2,10.1	,01011101,4
18.099,9.72	,01011101,5
20.155,9.6995	,01011101,6
17.929,9.5228	,01011101,7
18.72,9.7681	,01011101,8
18.793,9.4021	,01011101,9
18.556,10.074	,01011101,10
18.75,9.5434	,01011101,11
17.883,9.7425	,01011101,12
20.603,9.3143	,01011101,13
17.611,9.7171	,01011101,14
19.755,9.7765	,01011101,15
17.812,9.2342	,01011101,16
18.717,9.6588	,01011101,17
20.121,9.2064	,01011101,18
18.845,9.8747	,01011101,19
18.29,9.3716	,01011101,20
18.628,9.3943	,01011101,21
18.426,9.5561	,01011101,22
17.921,9.9968	,01011101,23
16.979,10.26	,01011110,0
16.606,10.714	,01011110,1
17.152,10.963	,01011110,2
16.983,10.337	,01011110,3
17.307,10.573	,01011110,4
16.632,10.976	,01011110,5
17.072,10.549	,01011110,6
17.214,10.431	,01011110,7
16.96,10.376	,01011110,8
16.966,10.193	,01011110,9
16.51,10.306	,01011110,10
17.286,10.572	,01011110,11
16.636,10.179	,01011110,12
16.978,10.75	,01011110,13
17.073,10.903	,01011110,14
17.035,10.802	,01011110,15
17.14,10.437	,01011110,16
16.597,11.035	,01011110,17
16.496,10.894	,01011110,18
17.124,10.999	,01011110,19
17.057,10.768	,01011110,20
17.031,11.061	,01011110,21
16.551,10.227	,01011110,22
17.497,10.756	,01011111,0
18.576,10.317	,01011111,1
18.003,10.412	,01011111,2
19.514,10.534	,01011111,3
18.002,10.223	,01011111,4
19.954,10.742	,01011111,5
20.557,10.393	,01011111,6
18.506,10.782	,01011111,7
18.073,10.648	,01011111,8
18.072,10.374	,01011111,9
18.349,10.91	,01011111,10
19.986,10.978	,01011111,11
18.475,11.056	,01011111,12
17.795,10.173	,01011111,13
17.59,11.039	,01011111,14
17.354,10.464	,01011111,15
18.392,10.436	,01011111,16
18.463,10.85	,01011111,17
19.837,10.929	,01011111,18
18.749,10.467	,01011111,19
19.319,11.016	,01011111,20
18.544,10.84	,01011111,21
18.086,10.559	,01011111,22
20.867,10.776	,01011111,23
10.208,12.957	,01100000,0
10.548,11.563	,01100000,1
10.244,11.279	,01100000,2
10.756,12.21	,01100000,3
10.562,13.472	,01100000,4
10.48,11.627	,01100000,5
10.317,11.701	,01100000,6
10.73,12.273	,01100000,7
10.374,12.738	,01100000,8
10.671,12.746	,01100000,9
10.498,11.908	,01100000,10
10.254,11.934	,01100000,11
10.546,12.598	,01100000,12
10.448,12.732	,01100000,13
10.791,12.882	,01100000,14
10.29,12.342	,01100000,15
10.288,12.602	,01100000,16
10.667,12.777	,01100000,17
10.471,12.466	,01100000,18
10.738,11.225	,01100000,19
10.397,13.206	,01100000,20
10.335,11.535	,01100000,21
10.245,13.313	,01100000,22
10.843,12.962	,01100001,0
11.172,13.063	,01100001,1
11.248,12.785	,01100001,2
11.101,13.207	,01100001,3
10.794,12.44	,01100001,4
11.062,11.852	,01100001,5
11.286,12.734	,01100001,6
11.114,12.766	,01100001,7
10.956,12.61	,01100001,8
11.35,12.794	,01100001,9
10.873,12.648	,01100001,10
11.009,13.119	,01100001,11
10.865,12.133	,01100001,12
10.879,12.76	,01100001,13
11.161,12.66	,01100001,14
11.314,11.703	,01100001,15
11.289,11.23	,01100001,16
11.233,11.117	,01100001,17
11.288,11.566	,01100001,18
10.884,11.878	,01100001,19
11.375,11.08	,01100001,20
11.317,12.304	,01100001,21
11.361,11.776	,01100001,22
10.505,13.951	,01100010,0
10.182,14.471	,01100010,1
10.584,14.512	,01100010,2
10.282,13.912	,01100010,3
10.313,14.272	,01100010,4
10.617,14.419	,01100010,5
10.177,14.671	,01100010,6
10.561,14.69	,01100010,7
10.373,13.941	,01100010,8
10.572,14.049	,01100010,9
10.216,13.914	,01100010,10
10.433,14.675	,01100010,11
10.175,14.08	,01100010,12
10.497,13.546	,01100010,13
10.266,14.349	,01100010,14
10.664,13.792	,01100010,15
10.228,14.756	,01100010,16
10.56,13.808	,01100010,17
10.267,14.034	,01100010,18
10.162,13.591	,01100010,19
10.282,13.546	,01100010,20
10.63,14.342	,01100010,21
10.441,13.678	,01100010,22
10.919,13.58	,01100011,0
10.808,14.057	,01100011,1
10.997,13.747	,01100011,2
10.732,14.243	,01100011,3
10.996,14.507	,01100011,4
10.98,13.656	,01100011,5
10.955,13.859	,01100011,6
10.74,14.701	,01100011,7
10.702,14.027	,01100011,8
10.814,13.907	,01100011,9
11.004,14.097	,01100011,10
11.271,14.243	,01100011,11
11.19,14.067	,01100011,12
11.333,14.632	,01100011,13
11.179,14.573	,01100011,14
11.044,14.106	,01100011,15
11.084,13.766	,01100011,16
11.36,13.493	,01100011,17
10.92,13.898	,01100011,18
10.704,14.626	,01100011,19
11.061,14.689	,01100011,20
10.908,13.576	,01100011,21
10.676,14.29	,01100011,22
10.703,13.588	,01100011,23
11.62,11.958	,01100100,0
11.909,12.864	,01100100,1
11.503,12.344	,01100100,2
11.566,11.227	,01100100,3
11.617,11.667	,01100100,4
11.701,12.218	,01100100,5
11.693,12.981	,01100100,6
11.564,12.407	,01100100,7
11.762,11.475	,01100100,8
12.043,12.567	,01100100,9
11.795,12.239	,01100100,10
11.939,11.795	,01100100,11
11.576,11.375	,01100100,12
11.503,11.758	,01100100,13
11.71,11.385	,01100100,14
11.479,11.803	,01100100,15
11.783,12.213	,01100100,16
12.049,11.738	,01100100,17
11.555,12.948	,01100100,18
11.718,11.426	,01100100,19
11.582,11.124	,01100100,20
11.399,11.521	,01100100,21
11.675,11.979	,01100100,22
12.585,13.036	,01100101,0
12.207,12.816	,01100101,1
12.562,11.175	,01100101,2
12.409,12.456	,01100101,3
12.46,11.954	,01100101,4
12.57,13.036	,01100101,5
12.791,12.213	,01100101,6
12.493,12.676	,01100101,7
12.318,12.446	,01100101,8
12.108,12.375	,01100101,9
12.783,11.073	,01100101,10
12.144,12.457	,01100101,11
12.592,11.724	,01100101,12
12.246,11.731	,01100101,13
12.461,11.927	,01100101,14
12.103,13.047	,01100101,15
12.162,11.587	,01100101,16
12.08,12.714	,01100101,17
12.284,12.848	,01100101,18
12.389,11.714	,01100101,19
12.713,11.648	,01100101,20
12.581,12.988	,01100101,21
12.061,11.996	,01100101,22
12.569,12.068	,01100101,23
11.531,14.15	,01100110,0
11.809,13.742	,01100110,1
11.438,13.817	,01100110,2
11.408,13.129	,01100110,3
11.853,14.238	,01100110,4
11.795,13.586	,01100110,5
11.69,13.562	,01100110,6
11.823,13.624	,01100110,7
11.565,13.527	,01100110,8
11.641,13.815	,01100110,9
11.676,13.959	,01100110,10
11.681,14.502	,01100110,11
11.748,13.363	,01100110,12
11.863,13.814	,01100110,13
11.92,13.424	,01100110,14
11.585,13.445	,01100110,15
11.544,14.019	,01100110,16
11.776,13.851	,01100110,17
11.642,13.375	,01100110,18
11.764,13.795	,01100110,19
11.416,13.258	,01100110,20
11.841,13.1	,01100110,21
11.443,14.195	,01100110,22
12.092,14.595	,01100111,0
12.308,13.815	,01100111,1
12.747,13.922	,01100111,2
12.296,13.207	,01100111,3
12.505,13.363	,01100111,4
12.063,14.725	,01100111,5
12.192,13.511	,01100111,6
12.726,13.989	,01100111,7
11.974,13.389	,01100111,8
12.564,14.671	,01100111,9
12.741,13.534	,01100111,10
12.607,14.175	,01100111,11
12.177,14.562	,01100111,12
12.237,14.42	,01100111,13
12.345,13.918	,01100111,14
12.709,13.388	,01100111,15
12.016,14.714	,01100111,16
11.962,13.365	,01100111,17
12.691,13.211	,01100111,18
11.924,13.617	,01100111,19
11.928,14.127	,01100111,20
12.531,14.25	,01100111,21
12.585,13.353	,01100111,22
12.579,14.785	,01100111,23
10.575,15.888	,01101000,0
10.568,14.923	,01101000,1
10.199,15.646	,01101000,2
10.178,16.188	,01101000,3
10.382,16.367	,01101000,4
10.452,14.842	,01101000,5
10.481,16.016	,01101000,6
10.239,16.733	,01101000,7
10.386,15.656	,01101000,8
10.354,15.239	,01101000,9
10.295,15.359	,01101000,10
10.314,16.357	,01101000,11
10.346,15.955	,01101000,12
10.409,16.627	,01101000,13
10.306,15.2	,01101000,14
10.194,16.287	,01101000,15
10.254,15.601	,01101000,16
10.409,15.59	,01101000,17
10.212,15.525	,01101000,18
10.156,15.425	,01101000,19
10.587,15.522	,01101000,20
10.562,15.747	,01101000,21
10.39,16.282	,01101000,22
10.619,15.014	,01101001,0
10.657,16.193	,01101001,1
11.119,15.89	,01101001,2
10.662,15.835	,01101001,3
10.589,15.684	,01101001,4
11.071,15.277	,01101001,5
11.15,16.642	,01101001,6
10.65,16.697	,01101001,7
10.888,16.14	,01101001,8
10.733,16.092	,01101001,9
11.021,15.034	,01101001,10
10.621,15.636	,01101001,11
10.862,15.113	,01101001,12
11.19,15.922	,01101001,13
11.131,16.145	,01101001,14
11.079,16.22	,01101001,15
11.223,16.715	,01101001,16
11.07,15.767	,01101001,17
10.648,15.174	,01101001,18
11.063,16.578	,01101001,19
10.618,15.826	,01101001,20
10.738,15.007	,01101001,21
10.755,15.11	,01101001,22
11.104,15.684	,01101001,23
10.172,17.238	,01101010,0
10.516,18.653	,01101010,1
10.538,17.313	,01101010,2
10.471,19.517	,01101010,3
10.586,19.168	,01101010,4
10.524,17.464	,01101010,5
10.542,17.461	,01101010,6
10.628,18.01	,01101010,7
10.662,18.247	,01101010,8
10.289,18.326	,01101010,9
10.51,18.385	,01101010,10
10.669,17.833	,01101010,11
10.171,16.821	,01101010,12
10.199,16.901	,01101010,13
10.674,17.176	,01101010,14
10.604,19.473	,01101010,15
10.463,17.628	,01101010,16
10.46,17.914	,01101010,17
10.154,16.886	,01101010,18
10.609,17.316	,01101010,19
10.567,17.664	,01101010,20
10.394,18.338	,01101010,21
10.39,17.848	,01101010,22
10.831,19.829	,01101011,0
10.781,18.33	,01101011,1
11.075,20.446	,01101011,2
10.746,18.214	,01101011,3
11.163,16.845	,01101011,4
11.25,18.164	,01101011,5
11.017,18.466	,01101011,6
11.187,17.302	,01101011,7
10.768,18.744	,01101011,8
10.813,16.82	,01101011,9
10.965,18.321	,01101011,10
10.894,17.866	,01101011,11
10.894,17.514	,01101011,12
11.232,18.173	,01101011,13
10.915,20.419	,01101011,14
10.892,18.502	,01101011,15
11.05,16.764	,01101011,16
10.797,16.752	,01101011,17
11.201,17.241	,01101011,18
10.978,16.86	,01101011,19
11.203,18.208	,01101011,20
10.824,19.268	,01101011,21
11.114,17.199	,01101011,22
11.18,18.881	,01101011,23
11.552,15.202	,01101100,0
11.891,15.147	,01101100,1
11.379,15.214	,01101100,2
11.37,15.986	,01101100,3
11.712,15.915	,01101100,4
11.832,16.095	,01101100,5
11.85,15.375	,01101100,6
11.396,15.395	,01101100,7
11.963,15.109	,01101100,8
11.563,15.574	,01101100,9
11.283,15.056	,01101100,10
11.693,15.327	,01101100,11
11.899,15.278	,01101100,12
11.616,15.107	,01101100,13
11.941,15.14	,01101100,14
11.967,15.874	,01101100,15
11.615,14.928	,01101100,16
11.751,15.056	,01101100,17
11.955,16.267	,01101100,18
11.477,15.435	,01101100,19
11.704,15.438	,01101100,20
11.542,15.548	,01101100,21
11.673,15.312	,01101100,22
11.998,16.195	,01101101,0
12.465,14.83	,01101101,1
12.408,15.237	,01101101,2
12.429,15.412	,01101101,3
12.621,15.535	,01101101,4
12.155,15.02	,01101101,5
12.356,14.823	,01101101,6
12.003,15.219	,01101101,7
12.401,15.46	,01101101,8
12.539,16.106	,01101101,9
12.538,15.672	,01101101,10
12.712,15.528	,01101101,11
12.493,15.982	,01101101,12
12.519,15.94	,01101101,13
12.232,14.845	,01101101,14
12.73,15.015	,01101101,15
12.635,16.179	,01101101,16
12.422,15.918	,01101101,17
12.423,15.318	,01101101,18
12.303,15.095	,01101101,19
12.601,16.224	,01101101,20
12.679,14.996	,01101101,21
12.088,15.127	,01101101,22
12.487,16.299	,01101101,23
11.533,16.852	,01101110,0
11.759,16.583	,01101110,1
11.574,19.646	,01101110,2
11.284,17.522	,01101110,3
11.325,17.134	,01101110,4
11.617,18.134	,01101110,5
11.748,16.905	,01101110,6
11.501,19.303	,01101110,7
11.405,17.499	,01101110,8
11.465,16.627	,01101110,9
11.314,17.494	,01101110,10
11.501,17.019	,01101110,11
11.44,16.387	,01101110,12
11.66,16.484	,01101110,13
11.35,18.632	,01101110,14
11.524,17.248	,01101110,15
11.358,17.09	,01101110,16
11.502,16.57	,01101110,17
11.672,16.574	,01101110,18
11.296,19.713	,01101110,19
11.772,17.441	,01101110,20
11.471,17.219	,01101110,21
11.772,17.714	,01101110,22
11.838,20.107	,01101111,0
12.375,17.551	,01101111,1
11.94,17.122	,01101111,2
11.835,21.307	,01101111,3
11.859,18.616	,01101111,4
11.938,17.652	,01101111,5
11.92,17.138	,01101111,6
12.037,18.971	,01101111,7
12.708,19.016	,01101111,8
11.996,18.673	,01101111,9
11.932,18.615	,01101111,10
12.221,19.89	,01101111,11
12.553,16.483	,01101111,12
12.737,17.899	,01101111,13
12.199,17.022	,01101111,14
12.318,16.495	,01101111,15
12.047,17.243	,01101111,16
12.138,17.189	,01101111,17
12.374,17.089	,01101111,18
12.551,16.527	,01101111,19
12.441,16.901	,01101111,20
12.588,19.145	,01101111,21
12.019,16.662	,01101111,22
12.147,16.404	,01101111,23
13.502,11.094	,01110000,0
14.396,11.236	,01110000,1
13.967,11.296	,01110000,2
13.675,11.362	,01110000,3
13.34,11.223	,01110000,4
14.336,11.335	,01110000,5
13.225,11.282	,01110000,6
14.353,11.539	,01110000,7
13.894,11.664	,01110000,8
14.404,11.13	,01110000,9
14.335,11.074	,01110000,10
13.26,11.317	,01110000,11
14.114,11.602	,01110000,12
13.929,11.32	,01110000,13
14.115,11.226	,01110000,14
13.735,11.272	,01110000,15
13.84,11.192	,01110000,16
14.303,11.489	,01110000,17
13.221,11.321	,01110000,18
14.241,11.12	,01110000,19
13.524,11.254	,01110000,20
13.792,11.209	,01110000,21
13.396,11.336	,01110000,22
14.723,11.2	,01110001,0
14.974,11.171	,01110001,1
14.605,11.47	,01110001,2
15.045,11.2	,01110001,3
14.758,11.663	,01110001,4
15.139,11.486	,01110001,5
14.788,11.383	,01110001,6
15.126,11.54	,01110001,7
14.891,11.159	,01110001,8
14.933,11.463	,01110001,9
15.09,11.171	,01110001,10
15.162,11.552	,01110001,11
14.999,11.398	,01110001,12
14.93,11.679	,01110001,13
14.844,11.588	,01110001,14
14.505,11.284	,01110001,15
14.838,11.194	,01110001,16
14.731,11.375	,01110001,17
15.195,11.415	,01110001,18
14.739,11.341	,01110001,19
14.47,11.686	,01110001,20
14.471,11.206	,01110001,21
14.547,11.248	,01110001,22
13.578,12.165	,01110010,0
12.938,11.824	,01110010,1
13.307,12.102	,01110010,2
13.897,12.138	,01110010,3
13.736,11.95	,01110010,4
14.124,12.059	,01110010,5
13.801,12.581	,01110010,6
13.15,12.557	,01110010,7
12.904,11.912	,01110010,8
13.105,12.444	,01110010,9
13.211,11.784	,01110010,10
13.341,11.874	,01110010,11
13.139,11.846	,01110010,12
12.843,11.756	,01110010,13
13.361,12.111	,01110010,14
13.006,11.691	,01110010,15
13.144,11.75	,01110010,16
14.093,11.989	,01110010,17
13.667,12.392	,01110010,18
14.12,11.889	,01110010,19
13.929,12.482	,01110010,20
13.015,12.419	,01110010,21
13.435,12.348	,01110010,22
14.291,11.852	,01110011,0
14.991,12.438	,01110011,1
14.667,12.51	,01110011,2
14.929,12.393	,01110011,3
14.138,12.512	,01110011,4
14.801,12.162	,01110011,5
15.14,11.828	,01110011,6
14.888,12.252	,01110011,7
14.358,12.249	,01110011,8
14.737,11.723	,01110011,9
14.575,12.233	,01110011,10
14.451,12.27	,01110011,11
14.252,11.742	,01110011,12
15.12,12.277	,01110011,13
14.831,12.37	,01110011,14
14.884,12.24	,01110011,15
14.884,11.709	,01110011,16
14.422,12.335	,01110011,17
14.125,12.452	,01110011,18
14.608,11.757	,01110011,19
14.396,12.135	,01110011,20
14.879,12.161	,01110011,21
14.899,11.733	,01110011,22
14.363,12.372	,01110011,23
16.753,11.147	,01110100,0
15.949,11.506	,01110100,1
15.334,11.329	,01110100,2
16.365,11.285	,01110100,3
15.799,11.519	,01110100,4
15.939,11.341	,01110100,5
16.176,11.132	,01110100,6
15.857,11.44	,01110100,7
15.664,11.486	,01110100,8
15.531,11.386	,01110100,9
16.648,11.357	,01110100,10
16.427,11.555	,01110100,11
16.226,11.282	,01110100,12
16.196,11.329	,01110100,13
15.256,11.108	,01110100,14
16.252,11.512	,01110100,15
16.436,11.293	,01110100,16
15.312,11.116	,01110100,17
15.651,11.43	,01110100,18
16.226,11.649	,01110100,19
16.355,11.212	,01110100,20
15.868,11.289	,01110100,21
15.999,11.4	,01110100,22
17.084,11.211	,01110101,0
16.893,11.221	,01110101,1
18.196,11.604	,01110101,2
17.309,11.349	,01110101,3
18.894,11.205	,01110101,4
17.596,11.174	,01110101,5
17.673,11.355	,01110101,6
17.702,11.53	,01110101,7
18.617,11.101	,01110101,8
17.601,11.168	,01110101,9
17.897,11.33	,01110101,10
16.795,11.651	,01110101,11
17.686,11.29	,01110101,12
16.938,11.705	,01110101,13
17.844,11.692	,01110101,14
20.006,11.238	,01110101,15
18.81,11.453	,01110101,16
17.083,11.247	,01110101,17
17.571,11.125	,01110101,18
18.439,11.193	,01110101,19
17.512,11.419	,01110101,20
18.125,11.206	,01110101,21
17.735,11.134	,01110101,22
17.921,11.318	,01110101,23
15.428,12.012	,01110110,0
16.201,11.812	,01110110,1
15.443,12.009	,01110110,2
15.98,11.829	,01110110,3
15.55,11.776	,01110110,4
16.073,12.036	,01110110,5
15.73,12.053	,01110110,6
15.319,12.326	,01110110,7
15.497,11.891	,01110110,8
15.439,11.888	,01110110,9
15.378,12.146	,01110110,10
16.021,12.583	,01110110,11
15.969,11.879	,01110110,12
15.546,12.313	,01110110,13
16.048,12.059	,01110110,14
15.909,11.795	,01110110,15
16.147,12.041	,01110110,16
15.376,12.379	,01110110,17
15.513,12.458	,01110110,18
15.73,12.34	,01110110,19
15.463,12.175	,01110110,20
16.082,11.743	,01110110,21
16.109,11.706	,01110110,22
17.671,12.283	,01110111,0
17.394,11.745	,01110111,1
16.582,12.165	,01110111,2
16.446,11.993	,01110111,3
18.435,12.563	,01110111,4
16.671,11.832	,01110111,5
19.117,12.295	,01110111,6
16.447,12.216	,01110111,7
18.06,12.282	,01110111,8
16.584,11.733	,01110111,9
17.537,11.877	,01110111,10
16.61,12.229	,01110111,11
16.321,12.559	,01110111,12
17.794,12.434	,01110111,13
17.513,12.106	,01110111,14
16.244,11.836	,01110111,15
17.308,11.883	,01110111,16
17.234,12.367	,01110111,17
17.495,12.354	,01110111,18
16.746,11.788	,01110111,19
16.94,12.083	,01110111,20
17.508,12.237	,01110111,21
18.723,12.19	,01110111,22
16.568,11.746	,01110111,23
13.187,13.234	,01111000,0
13.444,14.062	,01111000,1
12.961,12.853	,01111000,2
13.197,14.654	,01111000,3
13.486,12.619	,01111000,4
12.838,13.058	,01111000,5
13.578,14.996	,01111000,6
13.531,14.685	,01111000,7
13.516,13.243	,01111000,8
12.969,13.366	,01111000,9
13.423,15.212	,01111000,10
13.386,12.641	,01111000,11
13.166,14.3	,01111000,12
13.045,13.362	,01111000,13
13.23,13.129	,01111000,14
13.111,15.084	,01111000,15
12.859,14.027	,01111000,16
12.832,15.178	,01111000,17
13.399,14.614	,01111000,18
13.587,14.416	,01111000,19
13.361,14.488	,01111000,20
12.999,13.979	,01111000,21
13.297,13.64	,01111000,22
14.355,15.091	,01111001,0
13.724,14.705	,01111001,1
13.862,12.918	,01111001,2
13.735,13.379	,01111001,3
14.013,13.929	,01111001,4
13.872,13.414	,01111001,5
14.217,12.728	,01111001,6
14.029,14.23	,01111001,7
13.601,13.127	,01111001,8
14.098,13.342	,01111001,9
13.891,13.085	,01111001,10
14.118,14.025	,01111001,11
13.836,15.214	,01111001,12
14.219,14.474	,01111001,13
13.796,14.657	,01111001,14
14.196,14.456	,01111001,15
13.677,15.274	,01111001,16
14.168,13.02	,01111001,17
14.318,13.711	,01111001,18
14.144,12.788	,01111001,19
14.285,13.312	,01111001,20
13.801,14.497	,01111001,21
13.847,12.91	,01111001,22
14.324,13.08	,01111001,23
13.055,17.883	,01111010,0
13.072,17.74	,01111010,1
12.932,17.137	,01111010,2
12.8,15.7	,01111010,3
13.289,16.58	,01111010,4
12.826,15.701	,01111010,5
12.884,15.568	,01111010,6
12.828,16.653	,01111010,7
13.172,16.272	,01111010,8
13.077,16.739	,01111010,9
12.867,18.798	,01111010,10
13.107,17.298	,01111010,11
13.261,20.951	,01111010,12
13.077,17.579	,01111010,13
12.826,17.307	,01111010,14
13.309,16.874	,01111010,15
13.274,16.66	,01111010,16
13.179,16.438	,01111010,17
12.996,20.078	,01111010,18
13.058,15.925	,01111010,19
13.185,16.43	,01111010,20
13.149,16.378	,01111010,21
13.271,17.796	,01111010,22
14.341,16.028	,01111011,0
14.154,15.534	,01111011,1
14.241,16.041	,01111011,2
14.297,15.365	,01111011,3
13.459,19.416	,01111011,4
13.35,16.389	,01111011,5
13.764,15.794	,01111011,6
13.483,17.073	,01111011,7
14.294,15.958	,01111011,8
13.763,15.458	,01111011,9
14.213,16.462	,01111011,10
14.256,16.293	,01111011,11
13.548,16.629	,01111011,12
13.748,17.794	,01111011,13
13.678,15.505	,01111011,14
14.119,18.498	,01111011,15
13.78,15.685	,01111011,16
13.422,17.981	,01111011,17
13.578,16.614	,01111011,18
14.207,18.139	,01111011,19
14.058,18.88	,01111011,20
13.914,16.964	,01111011,21
13.827,16.477	,01111011,22
14.101,16.115	,01111011,23
14.832,13.71	,01111100,0
15.609,12.624	,01111100,1
14.364,13.398	,01111100,2
15.416,12.764	,01111100,3
14.563,12.904	,01111100,4
15.111,12.752	,01111100,5
14.794,12.964	,01111100,6
15.541,12.651	,01111100,7
15.322,12.725	,01111100,8
15.38,13.653	,01111100,9
15.478,13.403	,01111100,10
14.53,13.048	,01111100,11
15.385,13.688	,01111100,12
14.559,12.715	,01111100,13
14.702,12.635	,01111100,14
14.569,13.584	,01111100,15
15.236,12.716	,01111100,16
14.971,12.813	,01111100,17
15.627,13.057	,01111100,18
15.048,12.952	,01111100,19
15.493,13.652	,01111100,20
14.949,13.444	,01111100,21
15.421,12.983	,01111100,22
17.824,13.605	,01111101,0
15.672,13.485	,01111101,1
16.006,12.591	,01111101,2
16.577,12.952	,01111101,3
18.314,13.168	,01111101,4
18.595,13.562	,01111101,5
17.211,13.279	,01111101,6
16.226,13.513	,01111101,7
17.341,13.101	,01111101,8
16.518,12.952	,01111101,9
17.152,13.62	,01111101,10
16.285,13.793	,01111101,11
16.102,12.965	,01111101,12
15.982,12.62	,01111101,13
20.31,13.098	,01111101,14
17.113,13.384	,01111101,15
15.83,12.83	,01111101,16
18.363,12.856	,01111101,17
15.788,12.712	,01111101,18
16.629,12.999	,01111101,19
15.964,13.169	,01111101,20
15.728,12.86	,01111101,21
16.663,13.242	,01111101,22
15.638,12.719	,01111101,23
14.759,13.897	,01111110,0
14.43,16.348	,01111110,1
14.39,14.336	,01111110,2
14.975,13.917	,01111110,3
14.38,15.389	,01111110,4
15.29,16.244	,01111110,5
14.556,14.716	,01111110,6
14.423,13.936	,01111110,7
14.887,13.983	,01111110,8
15.042,17.811	,01111110,9
14.553,14.582	,01111110,10
14.56,17.682	,01111110,11
14.646,14.268	,01111110,12
14.443,14.258	,01111110,13
14.666,16.779	,01111110,14
15.03,14.291	,01111110,15
14.709,14.847	,01111110,16
15.528,15.654	,01111110,17
14.769,16.476	,01111110,18
14.403,19.362	,01111110,19
14.593,14.441	,01111110,20
15.025,20.961	,01111110,21
14.592,15.572	,01111110,22
16.862,14.16	,01111111,0
16.067,15.908	,01111111,1
16.503,18.794	,01111111,2
15.678,13.943	,01111111,3
19.103,14.867	,01111111,4
16.806,15.482	,01111111,5
17.662,14.859	,01111111,6
17.446,14.146	,01111111,7
15.878,14.447	,01111111,8
16.501,14.17	,01111111,9
16.498,15.15	,01111111,10
20.253,13.861	,01111111,11
16.131,16.516	,01111111,12
16.813,13.993	,01111111,13
17.185,15.95	,01111111,14
16.107,16.198	,01111111,15
16.434,19.729	,01111111,16
17.593,15.122	,01111111,17
16.058,13.848	,01111111,18
15.747,14.425	,01111111,19
16.271,14.028	,01111111,20
15.824,14.726	,01111111,21
16.314,14.632	,01111111,22
15.924,16.138	,01111111,23
