-3.3433,-3.1056	,0000000,0
-2.6662,1.1572	,0000000,1
-2.5625,2.1008	,0000000,2
-2.1829,0.93656	,0000000,3
-2.0524,-0.90592	,0000000,4
-2.0215,-0.59399	,0000000,5
-1.8169,1.8981	,0000000,6
-1.6611,-2.4301	,0000000,7
-1.4479,-1.0306	,0000000,8
-1.4471,0.9393	,0000000,9
-1.3931,1.8351	,0000000,10
-1.3015,1.8924	,0000000,11
-1.2132,-2.2097	,0000000,12
-1.0982,-1.099	,0000000,13
-0.9483,1.8666	,0000000,14
-0.75856,-0.67543	,0000000,15
-0.55701,1.6538	,0000000,16
-0.40363,1.6509	,0000000,17
-0.19829,-1.4898	,0000000,18
-0.13706,1.635	,0000000,19
-0.12761,0.2126	,0000000,20
-0.084382,2.1245	,0000000,21
-0.0076183,0.89035	,0000000,22
0.015939,1.6578	,0000000,23
0.16487,-4.0694	,0000000,24
0.19498,1.6864	,0000000,25
0.23967,0.46029	,0000000,26
0.31105,-1.4105	,0000000,27
0.32869,2.1283	,0000000,28
0.54474,1.4776	,0000000,29
0.56566,1.8598	,0000000,30
0.58733,0.39667	,0000000,31
0.63631,-0.32595	,0000000,32
0.64932,1.4994	,0000000,33
0.66501,-0.28533	,0000000,34
0.72325,0.16144	,0000000,35
0.83946,-0.50099	,0000000,36
0.93149,1.9261	,0000000,37
1.03,-4.297	,0000000,38
1.0911,-1.5582	,0000000,39
1.201,0.561	,0000000,40
1.2132,-0.17044	,0000000,41
1.4777,0.82449	,0000000,42
1.5409,-0.25259	,0000000,43
1.6602,0.93535	,0000000,44
1.7523,1.4593	,0000000,45
-3.0622,3.7326	,0000001,0
-2.9849,4.0469	,0000001,1
-2.1812,3.0364	,0000001,2
-1.6218,2.6259	,0000001,3
-1.4138,3.1871	,0000001,4
-0.88239,3.4996	,0000001,5
-0.83119,3.7003	,0000001,6
-0.57641,2.9822	,0000001,7
-0.52022,3.9878	,0000001,8
-0.35964,2.5142	,0000001,9
-0.057652,4.0884	,0000001,10
-0.006275,2.9138	,0000001,11
0.031264,2.5074	,0000001,12
0.079006,4.1545	,0000001,13
0.11045,2.6936	,0000001,14
0.11761,4.1046	,0000001,15
0.19101,3.338	,0000001,16
0.22113,4.079	,0000001,17
0.26008,3.5646	,0000001,18
0.35022,2.3833	,0000001,19
0.36006,2.6646	,0000001,20
0.52134,3.401	,0000001,21
0.72764,4.2006	,0000001,22
0.80453,2.6286	,0000001,23
0.82313,3.126	,0000001,24
0.83391,4.2502	,0000001,25
0.96339,2.3527	,0000001,26
1.0053,2.1557	,0000001,27
1.1214,4.1916	,0000001,28
1.1256,3.7002	,0000001,29
1.1341,4.2356	,0000001,30
1.1646,4.1976	,0000001,31
1.1783,3.8007	,0000001,32
1.2146,2.8729	,0000001,33
1.2282,2.4598	,0000001,34
1.3151,2.8224	,0000001,35
1.4597,4.3172	,0000001,36
1.4847,2.6878	,0000001,37
1.4865,2.4731	,0000001,38
1.5097,4.2372	,0000001,39
1.5123,3.2743	,0000001,40
1.5664,3.5907	,0000001,41
1.617,3.5695	,0000001,42
1.7129,4.1558	,0000001,43
1.7777,4.0417	,0000001,44
1.8408,3.7781	,0000001,45
1.8529,3.1615	,0000001,46
1.9056,2.2657	,0000010,0
1.9226,1.6635	,0000010,1
1.9241,2.2388	,0000010,2
1.9629,-3.378	,0000010,3
1.9666,1.5202	,0000010,4
2.0137,1.3529	,0000010,5
2.0568,-1.2281	,0000010,6
2.1094,1.2173	,0000010,7
2.2816,2.3272	,0000010,8
2.3043,1.1719	,0000010,9
2.3158,2.7221	,0000010,10
2.3328,0.052223	,0000010,11
2.386,2.563	,0000010,12
2.3947,-0.056318	,0000010,13
2.3966,2.406	,0000010,14
2.4688,2.0665	,0000010,15
2.5,2.7708	,0000010,16
2.5268,1.6102	,0000010,17
2.5295,2.2321	,0000010,18
2.5965,-1.7104	,0000010,19
2.6503,2.7638	,0000010,20
2.6791,1.4954	,0000010,21
2.7066,-2.2997	,0000010,22
2.7261,2.3882	,0000010,23
2.8363,-0.29192	,0000010,24
2.857,-1.147	,0000010,25
2.8646,1.5945	,0000010,26
2.8892,2.2897	,0000010,27
2.9611,1.8708	,0000010,28
3.0077,1.0112	,0000010,29
3.0515,1.4385	,0000010,30
3.3746,0.95953	,0000010,31
3.388,1.9567	,0000010,32
3.4024,0.42637	,0000010,33
3.4409,1.9033	,0000010,34
3.4769,-0.13471	,0000010,35
3.5627,1.287	,0000010,36
3.5737,2.7748	,0000010,37
3.6141,0.74623	,0000010,38
3.624,2.6741	,0000010,39
3.6775,2.2496	,0000010,40
3.7317,0.92118	,0000010,41
3.739,2.07	,0000010,42
3.7678,-0.088389	,0000010,43
3.9056,2.2683	,0000010,44
3.938,2.4171	,0000010,45
3.9585,2.772	,0000010,46
1.9684,3.6826	,0000011,0
2.0553,2.7837	,0000011,1
2.119,3.3344	,0000011,2
2.2391,2.813	,0000011,3
2.2854,2.915	,0000011,4
2.299,3.1208	,0000011,5
2.304,2.8927	,0000011,6
2.3142,4.1097	,0000011,7
2.3226,3.9073	,0000011,8
2.3443,3.9778	,0000011,9
2.4343,4.0952	,0000011,10
2.4551,2.7952	,0000011,11
2.5964,3.819	,0000011,12
2.6204,4.3111	,0000011,13
2.6407,3.2711	,0000011,14
2.6594,3.4563	,0000011,15
2.6666,3.8632	,0000011,16
2.7715,3.9263	,0000011,17
2.8368,4.2609	,0000011,18
2.8594,4.1423	,0000011,19
2.9068,3.4952	,0000011,20
2.9113,3.6042	,0000011,21
2.9397,4.0088	,0000011,22
2.9591,3.0624	,0000011,23
2.9971,4.0154	,0000011,24
3.1426,3.5731	,0000011,25
3.1686,3.0473	,0000011,26
3.2061,3.2191	,0000011,27
3.207,4.0707	,0000011,28
3.2152,3.2589	,0000011,29
3.2212,3.9596	,0000011,30
3.2344,3.926	,0000011,31
3.2417,4.1998	,0000011,32
3.3177,4.3001	,0000011,33
3.4297,3.4754	,0000011,34
3.4422,2.9553	,0000011,35
3.4606,4.2118	,0000011,36
3.5513,3.5182	,0000011,37
3.6099,4.073	,0000011,38
3.6434,3.7884	,0000011,39
3.7755,3.2291	,0000011,40
3.7765,4.1456	,0000011,41
3.846,2.9229	,0000011,42
3.8697,3.514	,0000011,43
3.8915,3.5708	,0000011,44
3.9108,3.3055	,0000011,45
3.9144,3.3516	,0000011,46
-3.3143,4.8955	,0000100,0
-3.1172,5.2932	,0000100,1
-2.9494,5.4528	,0000100,2
-2.1645,5.0836	,0000100,3
-1.214,4.5463	,0000100,4
-1.088,5.3499	,0000100,5
-0.84214,4.5329	,0000100,6
-0.34865,4.8264	,0000100,7
-0.27629,4.3424	,0000100,8
-0.13279,5.544	,0000100,9
-0.082251,4.4049	,0000100,10
0.038988,5.0171	,0000100,11
0.055114,5.3752	,0000100,12
0.089566,4.9904	,0000100,13
0.21699,4.7958	,0000100,14
0.21924,4.8408	,0000100,15
0.48403,4.6764	,0000100,16
0.49591,4.3389	,0000100,17
0.50432,4.526	,0000100,18
0.50724,5.2643	,0000100,19
0.55888,5.5558	,0000100,20
0.61107,4.715	,0000100,21
0.69286,5.266	,0000100,22
0.80791,5.2087	,0000100,23
0.92293,4.5947	,0000100,24
0.96202,5.2471	,0000100,25
0.97535,4.5443	,0000100,26
1.108,5.2103	,0000100,27
1.4464,4.3944	,0000100,28
1.5016,5.125	,0000100,29
1.5409,4.9381	,0000100,30
1.5496,4.8857	,0000100,31
1.6005,5.3506	,0000100,32
1.6396,4.8307	,0000100,33
1.6676,5.3361	,0000100,34
1.7185,5.0631	,0000100,35
1.7579,5.3615	,0000100,36
1.7831,4.7667	,0000100,37
1.8094,5.0324	,0000100,38
1.8185,4.8868	,0000100,39
1.8254,5.1482	,0000100,40
1.8964,4.3539	,0000100,41
1.9071,4.3851	,0000100,42
1.9484,5.1476	,0000100,43
2.0271,5.4537	,0000100,44
2.0327,5.6168	,0000100,45
2.0337,5.5318	,0000100,46
-3.9721,6.4899	,0000101,0
-3.2767,7.0493	,0000101,1
-2.5229,6.5183	,0000101,2
-2.3272,6.2721	,0000101,3
-1.5668,6.8445	,0000101,4
-0.61267,6.4225	,0000101,5
-0.5945,5.8947	,0000101,6
-0.40518,6.2398	,0000101,7
-0.30339,6.5224	,0000101,8
-0.25126,5.7305	,0000101,9
-0.19727,6.1832	,0000101,10
-0.11623,6.2828	,0000101,11
0.0060064,6.1568	,0000101,12
0.23376,6.4234	,0000101,13
0.34333,6.7619	,0000101,14
0.35632,5.8844	,0000101,15
0.38223,5.8626	,0000101,16
0.45562,6.2723	,0000101,17
0.52694,5.728	,0000101,18
0.53891,5.8891	,0000101,19
0.5454,5.637	,0000101,20
0.62933,6.441	,0000101,21
0.66978,6.5219	,0000101,22
0.67407,6.609	,0000101,23
0.80825,6.568	,0000101,24
0.86969,6.0573	,0000101,25
0.91828,6.5262	,0000101,26
1.0068,6.2212	,0000101,27
1.017,6.4467	,0000101,28
1.0321,5.6231	,0000101,29
1.1427,6.4933	,0000101,30
1.1553,5.9517	,0000101,31
1.1827,6.2686	,0000101,32
1.3308,6.9811	,0000101,33
1.3369,6.923	,0000101,34
1.3596,5.8046	,0000101,35
1.3903,6.9753	,0000101,36
1.5099,6.8343	,0000101,37
1.5499,6.2338	,0000101,38
1.5757,6.4141	,0000101,39
1.5935,7.0034	,0000101,40
1.6617,6.0505	,0000101,41
1.7535,6.6409	,0000101,42
1.7865,6.8816	,0000101,43
1.8235,6.2626	,0000101,44
1.9349,6.0997	,0000101,45
2.0129,7.0435	,0000101,46
2.0613,4.3304	,0000110,0
2.1036,5.4198	,0000110,1
2.1553,4.342	,0000110,2
2.2113,4.8304	,0000110,3
2.2657,4.5092	,0000110,4
2.2694,5.5678	,0000110,5
2.3442,5.3383	,0000110,6
2.3798,4.9659	,0000110,7
2.3838,5.0209	,0000110,8
2.47,5.5244	,0000110,9
2.5593,4.4619	,0000110,10
2.6406,4.7997	,0000110,11
2.6509,4.5973	,0000110,12
2.7916,4.3232	,0000110,13
2.8325,5.429	,0000110,14
2.8348,4.4369	,0000110,15
2.8907,4.4096	,0000110,16
2.9655,5.1002	,0000110,17
2.971,5.5727	,0000110,18
3.0584,4.4418	,0000110,19
3.0951,5.3733	,0000110,20
3.1094,4.9489	,0000110,21
3.1144,4.3626	,0000110,22
3.1549,4.6652	,0000110,23
3.22,4.5218	,0000110,24
3.2209,5.601	,0000110,25
3.2302,5.1963	,0000110,26
3.2428,4.4984	,0000110,27
3.2578,4.7505	,0000110,28
3.4915,5.3321	,0000110,29
3.5209,5.0214	,0000110,30
3.5288,5.0134	,0000110,31
3.6033,4.3181	,0000110,32
3.6064,4.6451	,0000110,33
3.6164,5.4094	,0000110,34
3.6509,4.7757	,0000110,35
3.6607,4.8888	,0000110,36
3.6613,5.5722	,0000110,37
3.7143,4.8625	,0000110,38
3.7561,5.5029	,0000110,39
3.762,4.9155	,0000110,40
3.7687,4.8297	,0000110,41
3.7889,5.3828	,0000110,42
3.8762,4.6419	,0000110,43
3.9023,4.8502	,0000110,44
3.9025,4.3814	,0000110,45
3.9225,4.5869	,0000110,46
2.0828,5.8661	,0000111,0
2.1006,5.6452	,0000111,1
2.2604,6.7886	,0000111,2
2.2754,6.4348	,0000111,3
2.2984,6.3193	,0000111,4
2.3318,5.6069	,0000111,5
2.3639,6.4464	,0000111,6
2.3701,6.2691	,0000111,7
2.3938,6.9793	,0000111,8
2.5271,6.4135	,0000111,9
2.5894,5.6041	,0000111,10
2.7119,5.9339	,0000111,11
2.7259,5.7296	,0000111,12
2.7856,6.5771	,0000111,13
2.8057,5.9348	,0000111,14
2.8185,6.4239	,0000111,15
2.865,5.8651	,0000111,16
2.8881,6.445	,0000111,17
2.9207,5.8901	,0000111,18
3.002,6.611	,0000111,19
3.0032,5.7335	,0000111,20
3.0042,7.0023	,0000111,21
3.0534,6.3293	,0000111,22
3.094,6.8535	,0000111,23
3.1061,6.6945	,0000111,24
3.1531,6.28	,0000111,25
3.1723,6.5189	,0000111,26
3.194,5.8805	,0000111,27
3.2067,6.8097	,0000111,28
3.2576,6.9258	,0000111,29
3.3164,5.8536	,0000111,30
3.3334,5.6112	,0000111,31
3.497,6.4532	,0000111,32
3.5688,6.0099	,0000111,33
3.5718,5.7651	,0000111,34
3.5848,6.7999	,0000111,35
3.5966,7.062	,0000111,36
3.5992,6.3416	,0000111,37
3.6091,7.0116	,0000111,38
3.6814,7.0739	,0000111,39
3.7568,6.7912	,0000111,40
3.7584,6.1324	,0000111,41
3.8372,6.7387	,0000111,42
3.8558,6.5625	,0000111,43
3.8666,6.3194	,0000111,44
3.9215,5.7994	,0000111,45
3.9613,6.7572	,0000111,46
3.9688,0.3451	,0001000,0
4.0259,0.91779	,0001000,1
4.0486,1.637	,0001000,2
4.0701,-0.40638	,0001000,3
4.0823,-0.98855	,0001000,4
4.1795,-1.9424	,0001000,5
4.187,0.12844	,0001000,6
4.2007,-1.129	,0001000,7
4.2984,0.44313	,0001000,8
4.3107,1.245	,0001000,9
4.3521,2.0632	,0001000,10
4.3884,0.95994	,0001000,11
4.4053,-0.33705	,0001000,12
4.4106,0.75587	,0001000,13
4.4315,-1.0315	,0001000,14
4.4583,2.2292	,0001000,15
4.5493,2.2228	,0001000,16
4.5766,1.8963	,0001000,17
4.6102,1.2131	,0001000,18
4.669,2.0586	,0001000,19
4.6707,0.79056	,0001000,20
4.6929,-1.8575	,0001000,21
4.82,-0.48421	,0001000,22
4.8939,1.6604	,0001000,23
4.9037,0.37662	,0001000,24
4.904,-0.12189	,0001000,25
4.9729,1.8651	,0001000,26
5.06,1.4889	,0001000,27
5.0695,2.1189	,0001000,28
5.083,1.1769	,0001000,29
5.1714,2.0729	,0001000,30
5.1741,-2.7112	,0001000,31
5.3009,1.1443	,0001000,32
5.3057,-0.35447	,0001000,33
5.4196,-0.60034	,0001000,34
5.5099,0.2438	,0001000,35
5.534,-2.8933	,0001000,36
5.5747,2.2247	,0001000,37
5.6134,1.6976	,0001000,38
5.6664,1.0519	,0001000,39
5.6846,0.19874	,0001000,40
5.7134,0.73878	,0001000,41
5.7542,-0.45363	,0001000,42
5.7675,-2.7029	,0001000,43
5.7686,-1.6746	,0001000,44
5.8412,1.7473	,0001000,45
3.9837,2.8801	,0001001,0
4.0026,3.4147	,0001001,1
4.0069,3.3824	,0001001,2
4.0588,3.9532	,0001001,3
4.1281,3.0004	,0001001,4
4.1979,3.2746	,0001001,5
4.2147,3.8735	,0001001,6
4.2553,2.4978	,0001001,7
4.2643,3.6698	,0001001,8
4.2998,2.9341	,0001001,9
4.3267,3.8168	,0001001,10
4.3455,3.6679	,0001001,11
4.3459,3.2194	,0001001,12
4.457,3.703	,0001001,13
4.4868,2.8031	,0001001,14
4.5405,3.3807	,0001001,15
4.6082,3.2191	,0001001,16
4.6187,3.7148	,0001001,17
4.6862,3.5405	,0001001,18
4.6879,3.1288	,0001001,19
4.8136,3.5199	,0001001,20
4.8164,2.2776	,0001001,21
4.8217,2.24	,0001001,22
4.8599,3.8083	,0001001,23
4.8609,3.2704	,0001001,24
4.9682,2.4057	,0001001,25
4.9899,3.845	,0001001,26
4.9966,3.6618	,0001001,27
5.0329,2.504	,0001001,28
5.0767,2.2568	,0001001,29
5.1122,3.2562	,0001001,30
5.125,3.2606	,0001001,31
5.1264,3.6508	,0001001,32
5.1691,3.6031	,0001001,33
5.2005,3.354	,0001001,34
5.2295,3.8945	,0001001,35
5.2787,3.9049	,0001001,36
5.3274,3.4882	,0001001,37
5.3487,2.8042	,0001001,38
5.3641,2.2635	,0001001,39
5.4355,2.6274	,0001001,40
5.4578,3.8571	,0001001,41
5.5289,2.2877	,0001001,42
5.6663,3.1545	,0001001,43
5.7239,2.7085	,0001001,44
5.7341,2.8661	,0001001,45
5.7613,3.5513	,0001001,46
5.8978,-1.6147	,0001010,0
5.9153,1.8243	,0001010,1
5.918,0.37931	,0001010,2
5.9308,0.56039	,0001010,3
5.9373,0.25245	,0001010,4
5.9806,0.9179	,0001010,5
5.9845,1.2744	,0001010,6
6.0509,1.3002	,0001010,7
6.0781,-0.89356	,0001010,8
6.0838,1.5931	,0001010,9
6.0942,0.57263	,0001010,10
6.1586,0.68255	,0001010,11
6.3549,-1.2362	,0001010,12
6.3749,1.0753	,0001010,13
6.4756,-0.60585	,0001010,14
6.5018,2.0202	,0001010,15
6.5236,1.3213	,0001010,16
6.5474,2.2004	,0001010,17
6.6473,0.82006	,0001010,18
6.7028,2.3246	,0001010,19
6.7511,0.99675	,0001010,20
6.8462,-1.2887	,0001010,21
6.9508,1.8843	,0001010,22
7.1465,1.4092	,0001010,23
7.3232,0.89459	,0001010,24
7.3288,-0.074408	,0001010,25
7.3614,-0.91896	,0001010,26
7.4864,-1.9099	,0001010,27
7.692,1.8391	,0001010,28
7.8024,1.869	,0001010,29
7.8505,1.019	,0001010,30
8.1466,2.1105	,0001010,31
8.2067,1.7523	,0001010,32
8.2694,2.0834	,0001010,33
8.4727,-0.42063	,0001010,34
8.575,0.43433	,0001010,35
8.5759,1.2645	,0001010,36
8.5902,0.05232	,0001010,37
8.6444,0.35685	,0001010,38
8.6553,2.037	,0001010,39
8.859,0.46302	,0001010,40
9.0123,1.3122	,0001010,41
9.0386,0.83843	,0001010,42
9.0401,0.37776	,0001010,43
9.1938,0.24759	,0001010,44
9.5685,0.40534	,0001010,45
9.9166,1.7795	,0001010,46
5.8749,3.9587	,0001011,0
5.8915,3.7989	,0001011,1
5.9051,2.4864	,0001011,2
5.9165,3.1954	,0001011,3
6.0094,3.5491	,0001011,4
6.0112,3.0094	,0001011,5
6.0528,3.7254	,0001011,6
6.0698,3.2386	,0001011,7
6.0736,2.5268	,0001011,8
6.1411,2.9946	,0001011,9
6.1602,3.524	,0001011,10
6.1751,3.5931	,0001011,11
6.1978,3.2677	,0001011,12
6.2157,3.459	,0001011,13
6.2332,3.3153	,0001011,14
6.282,3.5476	,0001011,15
6.3375,2.3837	,0001011,16
6.3515,3.07	,0001011,17
6.3566,3.3067	,0001011,18
6.3618,3.9314	,0001011,19
6.4034,2.9971	,0001011,20
6.4177,3.0272	,0001011,21
6.6843,3.1763	,0001011,22
6.8117,2.8046	,0001011,23
6.8273,3.5483	,0001011,24
6.8725,3.6743	,0001011,25
7.0677,2.9957	,0001011,26
7.1473,2.5948	,0001011,27
7.1661,2.9824	,0001011,28
7.1666,2.5946	,0001011,29
7.1935,3.9899	,0001011,30
7.296,2.8086	,0001011,31
7.3175,3.0251	,0001011,32
7.3576,3.2043	,0001011,33
7.502,3.8085	,0001011,34
7.627,2.3701	,0001011,35
7.6735,3.7492	,0001011,36
7.9028,2.8377	,0001011,37
7.9555,2.708	,0001011,38
8.0378,3.3341	,0001011,39
8.2184,3.8512	,0001011,40
8.4099,2.706	,0001011,41
8.73,2.4497	,0001011,42
9.0188,2.969	,0001011,43
9.2485,2.9328	,0001011,44
9.2887,3.4209	,0001011,45
9.9175,3.4197	,0001011,46
3.9873,3.9924	,0001100,0
4.0077,4.2894	,0001100,1
4.026,4.6477	,0001100,2
4.0487,5.3516	,0001100,3
4.1912,5.5199	,0001100,4
4.2167,4.5975	,0001100,5
4.2229,4.3523	,0001100,6
4.2792,4.7012	,0001100,7
4.3253,4.2027	,0001100,8
4.3619,5.4398	,0001100,9
4.3752,5.2451	,0001100,10
4.3837,4.1087	,0001100,11
4.4339,5.2932	,0001100,12
4.5308,4.6014	,0001100,13
4.5535,4.8071	,0001100,14
4.6875,4.6208	,0001100,15
4.6952,4.9063	,0001100,16
4.7157,4.4021	,0001100,17
4.7562,4.2879	,0001100,18
4.7578,5.0178	,0001100,19
4.7719,4.1941	,0001100,20
4.7932,5.2136	,0001100,21
4.8274,4.1307	,0001100,22
4.862,4.5421	,0001100,23
4.8962,4.0723	,0001100,24
4.9033,5.0091	,0001100,25
4.906,4.6336	,0001100,26
4.9249,5.1351	,0001100,27
5.056,5.1382	,0001100,28
5.2199,4.3958	,0001100,29
5.2509,5.0414	,0001100,30
5.2996,4.6193	,0001100,31
5.312,5.3387	,0001100,32
5.4441,4.4771	,0001100,33
5.5564,4.0724	,0001100,34
5.5715,5.0683	,0001100,35
5.6327,4.549	,0001100,36
5.6887,5.2616	,0001100,37
5.7103,5.484	,0001100,38
5.7679,4.0143	,0001100,39
5.8093,5.5333	,0001100,40
5.9008,5.2479	,0001100,41
5.9778,4.9118	,0001100,42
5.9788,5.1311	,0001100,43
6.0493,5.3824	,0001100,44
6.0584,4.3906	,0001100,45
6.1441,5.0681	,0001100,46
4.0178,6.5105	,0001101,0
4.0681,6.8003	,0001101,1
4.1259,6.2887	,0001101,2
4.1351,6.7567	,0001101,3
4.2184,6.4554	,0001101,4
4.2381,6.5762	,0001101,5
4.2434,5.7917	,0001101,6
4.2594,5.643	,0001101,7
4.3111,5.7355	,0001101,8
4.3845,6.6617	,0001101,9
4.4243,6.17	,0001101,10
4.4673,6.674	,0001101,11
4.4727,5.8038	,0001101,12
4.4775,6.5698	,0001101,13
4.501,6.9929	,0001101,14
4.5015,5.7222	,0001101,15
4.5887,6.2438	,0001101,16
4.6877,5.9145	,0001101,17
4.7045,6.0879	,0001101,18
4.7191,5.6393	,0001101,19
4.7217,5.8372	,0001101,20
4.7574,6.0112	,0001101,21
4.7604,5.7791	,0001101,22
4.805,6.4608	,0001101,23
4.811,6.0224	,0001101,24
4.8981,6.3369	,0001101,25
5.0878,6.3963	,0001101,26
5.3024,6.9333	,0001101,27
5.3104,5.9399	,0001101,28
5.3216,6.4939	,0001101,29
5.352,5.8374	,0001101,30
5.3703,6.0898	,0001101,31
5.3853,6.4021	,0001101,32
5.4087,7.0116	,0001101,33
5.4576,6.1287	,0001101,34
5.6774,6.207	,0001101,35
5.7633,6.6982	,0001101,36
5.794,6.993	,0001101,37
5.8393,6.9225	,0001101,38
5.8882,5.6715	,0001101,39
5.9138,5.7033	,0001101,40
6.0331,6.8181	,0001101,41
6.0473,6.9277	,0001101,42
6.087,5.5365	,0001101,43
6.0962,6.121	,0001101,44
6.1546,6.9394	,0001101,45
6.2436,6.3414	,0001101,46
6.2654,5.4593	,0001110,0
6.2694,4.0666	,0001110,1
6.3165,5.1801	,0001110,2
6.3259,5.34	,0001110,3
6.3777,5.1721	,0001110,4
6.4042,5.1334	,0001110,5
6.4535,5.2681	,0001110,6
6.4694,4.6498	,0001110,7
6.557,5.1551	,0001110,8
6.6396,5.0246	,0001110,9
6.6658,4.4639	,0001110,10
6.7338,4.8097	,0001110,11
6.7394,4.2892	,0001110,12
6.8206,5.1163	,0001110,13
6.8852,4.7833	,0001110,14
6.9486,5.2902	,0001110,15
6.9679,5.3894	,0001110,16
6.9748,5.5048	,0001110,17
7.0995,4.0813	,0001110,18
7.1399,4.597	,0001110,19
7.1582,4.7363	,0001110,20
7.2806,4.9957	,0001110,21
7.4688,5.2175	,0001110,22
7.8102,5.103	,0001110,23
7.8778,4.1425	,0001110,24
7.9158,4.5757	,0001110,25
8.1166,4.3734	,0001110,26
8.1923,5.2599	,0001110,27
8.3243,4.6138	,0001110,28
8.3816,4.9953	,0001110,29
8.3931,4.2842	,0001110,30
8.503,5.3352	,0001110,31
8.6082,5.5614	,0001110,32
8.6487,4.58	,0001110,33
8.655,4.3844	,0001110,34
8.9349,4.0574	,0001110,35
9.1392,4.3342	,0001110,36
9.3334,5.1109	,0001110,37
9.3642,5.4761	,0001110,38
9.3766,4.187	,0001110,39
9.442,4.0915	,0001110,40
9.5761,4.4883	,0001110,41
9.5795,4.6521	,0001110,42
9.6251,4.3152	,0001110,43
9.6897,4.1032	,0001110,44
9.7674,4.8121	,0001110,45
10.104,4.5963	,0001110,46
6.395,6.5521	,0001111,0
6.4096,6.0708	,0001111,1
6.4474,6.4635	,0001111,2
6.4723,7.0357	,0001111,3
6.63,6.7199	,0001111,4
6.8388,6.8315	,0001111,5
6.9404,5.5637	,0001111,6
6.9667,6.1246	,0001111,7
7.0459,6.5911	,0001111,8
7.0529,6.2027	,0001111,9
7.0854,6.1517	,0001111,10
7.1084,5.8229	,0001111,11
7.1092,6.3546	,0001111,12
7.124,6.8702	,0001111,13
7.1263,6.8165	,0001111,14
7.1854,6.4987	,0001111,15
7.21,5.6557	,0001111,16
7.2273,6.4441	,0001111,17
7.321,5.6463	,0001111,18
7.4295,5.8575	,0001111,19
7.461,5.8591	,0001111,20
7.4637,7.0242	,0001111,21
7.5316,5.6958	,0001111,22
7.7459,6.1333	,0001111,23
7.8566,6.6876	,0001111,24
7.8848,6.5578	,0001111,25
7.8935,6.7616	,0001111,26
7.9009,6.7513	,0001111,27
8.0101,7.0325	,0001111,28
8.0283,6.9352	,0001111,29
8.1026,6.7011	,0001111,30
8.3452,6.9946	,0001111,31
8.3818,6.9763	,0001111,32
8.5042,5.618	,0001111,33
8.6099,5.9725	,0001111,34
8.6295,5.8384	,0001111,35
8.6874,6.8094	,0001111,36
9.0229,6.3653	,0001111,37
9.0881,5.6543	,0001111,38
9.1592,6.7901	,0001111,39
9.1942,6.2749	,0001111,40
9.2123,6.5838	,0001111,41
9.2592,6.1736	,0001111,42
9.3163,6.2596	,0001111,43
9.4254,6.651	,0001111,44
9.6239,5.7004	,0001111,45
9.8412,6.8082	,0001111,46
-2.7803,7.4399	,0010000,0
-2.3655,8.3157	,0010000,1
-1.5687,7.3494	,0010000,2
-1.5289,7.5543	,0010000,3
-1.2811,7.7044	,0010000,4
-1.2449,7.6377	,0010000,5
-0.9227,7.139	,0010000,6
-0.82491,8.3197	,0010000,7
-0.42663,7.6073	,0010000,8
0.083709,7.5708	,0010000,9
0.1906,7.9306	,0010000,10
0.19088,7.8898	,0010000,11
0.3881,7.5856	,0010000,12
0.68605,8.3202	,0010000,13
0.76428,7.6334	,0010000,14
0.85582,7.8686	,0010000,15
0.90705,7.7363	,0010000,16
1.0087,7.5372	,0010000,17
1.2089,7.7695	,0010000,18
1.3164,7.6759	,0010000,19
1.4598,8.1533	,0010000,20
1.5113,7.8109	,0010000,21
1.5408,8.1666	,0010000,22
1.8666,8.2468	,0010000,23
2.3403,7.4967	,0010000,24
2.345,8.2068	,0010000,25
2.6807,7.8342	,0010000,26
2.6863,8.0885	,0010000,27
2.8773,7.613	,0010000,28
2.9364,7.7782	,0010000,29
2.9551,7.2338	,0010000,30
3.0298,7.3082	,0010000,31
3.0941,8.2027	,0010000,32
3.2049,7.5295	,0010000,33
3.3618,8.3495	,0010000,34
3.4071,7.205	,0010000,35
3.4122,7.6356	,0010000,36
3.606,7.5846	,0010000,37
3.6364,7.4941	,0010000,38
3.7012,8.2423	,0010000,39
3.7659,7.3822	,0010000,40
3.8179,8.2415	,0010000,41
3.8255,7.5629	,0010000,42
3.848,7.5998	,0010000,43
3.895,7.5186	,0010000,44
3.8988,7.1947	,0010000,45
-3.0649,8.5134	,0010001,0
-1.986,9.6779	,0010001,1
-1.7592,8.9899	,0010001,2
-1.4747,9.1914	,0010001,3
-1.1229,10.168	,0010001,4
-0.807,8.3578	,0010001,5
-0.73797,9.6503	,0010001,6
-0.34603,9.5706	,0010001,7
-0.33801,8.563	,0010001,8
-0.28372,8.6856	,0010001,9
-0.074272,9.2714	,0010001,10
-0.02343,8.6692	,0010001,11
0.23918,9.0144	,0010001,12
0.37129,9.4827	,0010001,13
0.75644,9.5873	,0010001,14
0.95372,10.049	,0010001,15
1.0673,10.044	,0010001,16
1.2249,8.8357	,0010001,17
1.7735,9.8638	,0010001,18
2.0002,8.5885	,0010001,19
2.1031,10.068	,0010001,20
2.27,9.3651	,0010001,21
2.3081,10.121	,0010001,22
2.3369,9.6279	,0010001,23
2.3936,8.7233	,0010001,24
2.6871,8.6778	,0010001,25
2.7077,8.7674	,0010001,26
2.7156,9.1821	,0010001,27
2.7526,9.5299	,0010001,28
2.8257,9.0919	,0010001,29
2.9866,9.6204	,0010001,30
3.0371,8.3737	,0010001,31
3.0439,8.5582	,0010001,32
3.0459,10.096	,0010001,33
3.1333,8.5032	,0010001,34
3.1761,8.4055	,0010001,35
3.2953,9.5727	,0010001,36
3.3382,9.0731	,0010001,37
3.345,9.3559	,0010001,38
3.3529,10.376	,0010001,39
3.5011,8.7652	,0010001,40
3.553,8.9521	,0010001,41
3.691,9.4462	,0010001,42
3.8266,8.3599	,0010001,43
3.8326,8.3782	,0010001,44
3.8937,8.5897	,0010001,45
3.9235,10.166	,0010001,46
3.9984,7.0976	,0010010,0
4.0042,8.3818	,0010010,1
4.1886,7.3096	,0010010,2
4.2091,7.2297	,0010010,3
4.2102,7.7414	,0010010,4
4.2432,7.3286	,0010010,5
4.2925,7.1229	,0010010,6
4.5672,8.2192	,0010010,7
4.6418,8.0181	,0010010,8
4.6589,7.8327	,0010010,9
4.6641,8.0136	,0010010,10
4.6947,8.2626	,0010010,11
4.7455,7.8366	,0010010,12
4.7967,7.0785	,0010010,13
4.8249,7.6646	,0010010,14
4.9766,7.1453	,0010010,15
4.9955,7.2293	,0010010,16
5.095,8.079	,0010010,17
5.1982,7.2779	,0010010,18
5.2859,7.1604	,0010010,19
5.3638,7.6927	,0010010,20
5.4239,7.2593	,0010010,21
5.4538,7.8188	,0010010,22
5.4707,7.7441	,0010010,23
5.4979,7.1006	,0010010,24
5.5725,8.0884	,0010010,25
5.6093,8.0546	,0010010,26
5.6233,7.614	,0010010,27
5.6629,7.5591	,0010010,28
5.7207,8.0611	,0010010,29
5.8017,7.7179	,0010010,30
5.8385,7.4732	,0010010,31
5.8666,7.7535	,0010010,32
5.8776,7.2679	,0010010,33
6.141,7.3325	,0010010,34
6.1697,7.9898	,0010010,35
6.1701,8.3235	,0010010,36
6.3517,7.6191	,0010010,37
6.3735,8.2477	,0010010,38
6.3754,7.5995	,0010010,39
6.5071,7.7475	,0010010,40
6.6189,7.6814	,0010010,41
6.6926,7.477	,0010010,42
6.8686,7.5949	,0010010,43
6.9071,7.558	,0010010,44
6.9094,8.124	,0010010,45
7.4613,7.8249	,0010010,46
3.9561,9.219	,0010011,0
3.9871,8.6572	,0010011,1
4.0722,9.4279	,0010011,2
4.1661,9.1283	,0010011,3
4.1803,8.4153	,0010011,4
4.354,9.0736	,0010011,5
4.4779,8.4883	,0010011,6
4.4824,9.0879	,0010011,7
4.5638,8.5688	,0010011,8
4.6247,9.146	,0010011,9
4.6315,9.4745	,0010011,10
4.7176,10.105	,0010011,11
4.7694,8.6863	,0010011,12
4.811,8.977	,0010011,13
4.819,8.4695	,0010011,14
4.9138,8.9367	,0010011,15
4.9404,9.5857	,0010011,16
4.9563,9.0788	,0010011,17
5.0087,10.227	,0010011,18
5.0583,10.178	,0010011,19
5.0834,10.433	,0010011,20
5.0927,9.2893	,0010011,21
5.0946,8.5101	,0010011,22
5.1816,9.0676	,0010011,23
5.2456,9.2455	,0010011,24
5.3777,8.9334	,0010011,25
5.4457,9.7533	,0010011,26
5.4737,8.9295	,0010011,27
5.5085,8.8864	,0010011,28
5.5315,8.8752	,0010011,29
5.5518,10.076	,0010011,30
5.6531,9.448	,0010011,31
5.7434,9.1133	,0010011,32
5.8374,10.02	,0010011,33
5.8389,10.27	,0010011,34
5.981,8.838	,0010011,35
6.1147,10.366	,0010011,36
6.2763,9.4285	,0010011,37
6.3661,9.4273	,0010011,38
6.4441,9.4989	,0010011,39
6.4942,9.8632	,0010011,40
6.5721,9.7011	,0010011,41
6.988,9.7659	,0010011,42
7.1693,10.076	,0010011,43
7.3172,9.9189	,0010011,44
7.3516,8.5509	,0010011,45
7.5111,9.6519	,0010011,46
-5.3377,10.729	,0010100,0
-2.6426,11.074	,0010100,1
-2.005,10.621	,0010100,2
-0.96061,12.991	,0010100,3
-0.40597,12.088	,0010100,4
-0.36126,11.893	,0010100,5
0.19768,12.245	,0010100,6
0.5896,10.984	,0010100,7
0.59515,12.523	,0010100,8
0.62041,10.884	,0010100,9
1.5991,11.922	,0010100,10
2.0864,12.058	,0010100,11
2.2533,12.821	,0010100,12
2.5193,10.893	,0010100,13
2.6774,11.038	,0010100,14
2.8279,11.71	,0010100,15
2.9459,13.048	,0010100,16
3.1352,10.903	,0010100,17
3.6385,10.845	,0010100,18
3.8311,10.975	,0010100,19
3.9627,10.876	,0010100,20
4.5571,11.862	,0010100,21
4.577,10.532	,0010100,22
4.6417,12.633	,0010100,23
4.74,10.479	,0010100,24
4.9517,11.682	,0010100,25
4.9531,13.397	,0010100,26
5.0174,10.915	,0010100,27
5.1206,11.637	,0010100,28
5.2505,12.467	,0010100,29
5.3168,11.67	,0010100,30
5.4098,13.062	,0010100,31
5.5524,11.684	,0010100,32
5.5797,13.52	,0010100,33
5.5877,10.772	,0010100,34
5.5965,12.416	,0010100,35
5.6713,12.463	,0010100,36
5.9274,10.69	,0010100,37
5.9597,12.442	,0010100,38
6.0135,13.775	,0010100,39
6.0554,13.939	,0010100,40
6.2471,12.725	,0010100,41
6.2516,11.255	,0010100,42
6.2634,13.352	,0010100,43
6.2792,12.268	,0010100,44
6.4044,12.266	,0010100,45
6.4404,12.97	,0010100,46
0.16188,15.352	,0010101,0
2.3758,19.677	,0010101,1
3.4908,16.216	,0010101,2
4.0279,14.915	,0010101,3
4.0586,16.673	,0010101,4
4.1888,15.239	,0010101,5
4.2315,17.869	,0010101,6
4.2337,13.965	,0010101,7
4.2969,14.222	,0010101,8
4.3259,15.37	,0010101,9
4.4639,16.992	,0010101,10
4.5763,19.959	,0010101,11
4.6741,16.24	,0010101,12
4.8026,17.707	,0010101,13
4.8339,16.039	,0010101,14
4.9667,15.068	,0010101,15
5.0969,19.589	,0010101,16
5.1124,18.819	,0010101,17
5.2976,18.258	,0010101,18
5.4532,16.918	,0010101,19
5.4547,16.506	,0010101,20
5.4857,17.086	,0010101,21
5.53,18.422	,0010101,22
5.688,17.208	,0010101,23
5.7176,17.154	,0010101,24
5.7428,14.63	,0010101,25
5.8171,19.22	,0010101,26
5.8456,15.286	,0010101,27
5.9497,21.525	,0010101,28
5.9806,16.746	,0010101,29
6.0464,14.619	,0010101,30
6.0605,17.711	,0010101,31
6.0751,17.742	,0010101,32
6.1315,18.797	,0010101,33
6.2338,16.161	,0010101,34
6.2486,15.731	,0010101,35
6.3093,14.174	,0010101,36
6.3857,17.129	,0010101,37
6.4025,20.787	,0010101,38
6.4032,16.012	,0010101,39
6.439,20.628	,0010101,40
6.4493,14.858	,0010101,41
6.4515,18.732	,0010101,42
6.458,17.909	,0010101,43
6.4863,16.243	,0010101,44
6.5024,18.009	,0010101,45
6.5084,14.463	,0010101,46
6.6221,12.252	,0010110,0
6.6298,11.091	,0010110,1
6.6651,12.652	,0010110,2
6.6669,14.514	,0010110,3
6.6869,14.256	,0010110,4
6.7199,10.989	,0010110,5
6.7278,11.644	,0010110,6
6.7289,13.297	,0010110,7
6.747,12.271	,0010110,8
6.7595,12.965	,0010110,9
6.7658,15.014	,0010110,10
6.7985,14.31	,0010110,11
6.8071,14.992	,0010110,12
6.8242,13.117	,0010110,13
6.83,14.269	,0010110,14
6.89,13.643	,0010110,15
6.8932,12.294	,0010110,16
6.9112,14.833	,0010110,17
6.913,14.87	,0010110,18
6.9146,14.248	,0010110,19
6.9297,11.293	,0010110,20
6.9464,13.828	,0010110,21
7.0024,12.655	,0010110,22
7.02,12.863	,0010110,23
7.028,13.093	,0010110,24
7.1292,14.736	,0010110,25
7.1389,14.46	,0010110,26
7.1458,14.613	,0010110,27
7.1597,13.694	,0010110,28
7.1788,12.124	,0010110,29
7.1959,12.436	,0010110,30
7.2136,11.241	,0010110,31
7.2329,14.767	,0010110,32
7.2536,10.651	,0010110,33
7.2642,12.142	,0010110,34
7.277,10.685	,0010110,35
7.3245,11.049	,0010110,36
7.3281,14.347	,0010110,37
7.3909,13.064	,0010110,38
7.4061,13.47	,0010110,39
7.4149,14.388	,0010110,40
7.4194,10.508	,0010110,41
7.4876,14.669	,0010110,42
7.4946,12.49	,0010110,43
7.5206,12.838	,0010110,44
7.5304,14.628	,0010110,45
7.5548,12.678	,0010110,46
6.5289,15.596	,0010111,0
6.5729,15.966	,0010111,1
6.6256,15.444	,0010111,2
6.6391,16.047	,0010111,3
6.6734,18.488	,0010111,4
6.7149,17.996	,0010111,5
6.7389,15.945	,0010111,6
6.779,15.306	,0010111,7
6.8024,17.099	,0010111,8
6.8662,23.452	,0010111,9
6.8896,17.393	,0010111,10
6.8899,17.36	,0010111,11
6.8954,20.915	,0010111,12
6.9249,16.162	,0010111,13
6.9293,18.278	,0010111,14
7.0143,16.439	,0010111,15
7.0249,15.722	,0010111,16
7.0372,18.66	,0010111,17
7.0461,15.704	,0010111,18
7.0509,17.111	,0010111,19
7.106,16.039	,0010111,20
7.1482,15.216	,0010111,21
7.1643,15.594	,0010111,22
7.174,15.726	,0010111,23
7.1793,15.52	,0010111,24
7.1903,15.454	,0010111,25
7.2154,19.886	,0010111,26
7.22,21.142	,0010111,27
7.2406,19.804	,0010111,28
7.2479,16.177	,0010111,29
7.2809,16.243	,0010111,30
7.2844,16.314	,0010111,31
7.2942,17.711	,0010111,32
7.2997,15.217	,0010111,33
7.3516,18.745	,0010111,34
7.358,17.15	,0010111,35
7.3937,15.17	,0010111,36
7.394,16.28	,0010111,37
7.4328,17.342	,0010111,38
7.4441,15.863	,0010111,39
7.4746,17.234	,0010111,40
7.4838,16.246	,0010111,41
7.5127,19.123	,0010111,42
7.5195,15.202	,0010111,43
7.5561,15.997	,0010111,44
7.5576,17.072	,0010111,45
7.5644,16.181	,0010111,46
7.575,7.4091	,0011000,0
7.5914,7.6174	,0011000,1
7.6249,9.6453	,0011000,2
7.6697,11.219	,0011000,3
7.7146,11.376	,0011000,4
7.7246,10.778	,0011000,5
7.7369,12.926	,0011000,6
7.7418,8.5308	,0011000,7
7.762,8.3553	,0011000,8
7.7681,7.1292	,0011000,9
7.769,8.1587	,0011000,10
7.8054,7.8151	,0011000,11
7.9405,11.591	,0011000,12
7.9462,13.112	,0011000,13
7.9478,12.937	,0011000,14
7.9922,10.711	,0011000,15
7.9936,12.289	,0011000,16
8.0064,8.4244	,0011000,17
8.0523,7.2949	,0011000,18
8.0896,11.681	,0011000,19
8.1648,12.109	,0011000,20
8.1911,8.6514	,0011000,21
8.2363,10.408	,0011000,22
8.2655,7.5383	,0011000,23
8.2899,12.767	,0011000,24
8.3038,12.276	,0011000,25
8.305,12.745	,0011000,26
8.3367,8.1594	,0011000,27
8.3397,12.159	,0011000,28
8.3782,12.022	,0011000,29
8.4134,9.9148	,0011000,30
8.4564,11.911	,0011000,31
8.5903,8.4225	,0011000,32
8.5969,12.818	,0011000,33
8.6155,11.874	,0011000,34
8.6387,10.96	,0011000,35
8.6822,13.01	,0011000,36
8.6893,10.872	,0011000,37
8.6909,12.882	,0011000,38
8.7498,12.605	,0011000,39
8.7936,7.4053	,0011000,40
8.7971,12.232	,0011000,41
8.7993,12.74	,0011000,42
8.854,9.521	,0011000,43
8.9215,12.139	,0011000,44
8.9439,9.0398	,0011000,45
7.6496,14.34	,0011001,0
7.6531,13.939	,0011001,1
7.66,14.376	,0011001,2
7.6849,14.345	,0011001,3
7.6961,14.021	,0011001,4
7.7258,13.263	,0011001,5
7.8078,13.222	,0011001,6
7.915,14.506	,0011001,7
7.9258,14.442	,0011001,8
7.9667,14.377	,0011001,9
7.9688,13.591	,0011001,10
8.0129,13.849	,0011001,11
8.0543,13.832	,0011001,12
8.1326,14.311	,0011001,13
8.1855,14.218	,0011001,14
8.1899,14.81	,0011001,15
8.237,14.002	,0011001,16
8.2469,13.499	,0011001,17
8.2824,14.472	,0011001,18
8.2912,14.498	,0011001,19
8.3412,13.924	,0011001,20
8.4122,13.19	,0011001,21
8.417,14.453	,0011001,22
8.4642,13.64	,0011001,23
8.4938,14.463	,0011001,24
8.5622,13.214	,0011001,25
8.5839,14.599	,0011001,26
8.6001,13.298	,0011001,27
8.6111,13.466	,0011001,28
8.6152,13.279	,0011001,29
8.6235,14.273	,0011001,30
8.6249,13.14	,0011001,31
8.6304,14.108	,0011001,32
8.6481,14.165	,0011001,33
8.7216,14.261	,0011001,34
8.7386,13.2	,0011001,35
8.7749,13.819	,0011001,36
8.7752,13.18	,0011001,37
8.8237,14.561	,0011001,38
8.854,14.036	,0011001,39
8.8736,14.437	,0011001,40
8.89,14.836	,0011001,41
8.8901,13.588	,0011001,42
8.898,13.174	,0011001,43
8.8984,14.671	,0011001,44
8.9054,13.74	,0011001,45
8.9112,14.072	,0011001,46
8.9599,12.867	,0011010,0
8.9705,9.7515	,0011010,1
9.045,9.2839	,0011010,2
9.0499,10.679	,0011010,3
9.0667,9.981	,0011010,4
9.073,12.219	,0011010,5
9.093,12.787	,0011010,6
9.1501,13.418	,0011010,7
9.1517,12.445	,0011010,8
9.1529,8.844	,0011010,9
9.1898,11.743	,0011010,10
9.2256,12.092	,0011010,11
9.3212,13.406	,0011010,12
9.3927,10.343	,0011010,13
9.4894,11.701	,0011010,14
9.5003,12.515	,0011010,15
9.5121,11.266	,0011010,16
9.5435,12.472	,0011010,17
9.5446,13.33	,0011010,18
9.5729,10.808	,0011010,19
9.5846,8.2852	,0011010,20
9.643,11.968	,0011010,21
9.6519,13.183	,0011010,22
9.685,11.527	,0011010,23
9.6852,10.993	,0011010,24
9.693,13.101	,0011010,25
9.7148,7.1791	,0011010,26
9.7367,12.754	,0011010,27
9.781,11.67	,0011010,28
9.7869,12.608	,0011010,29
9.8104,10.845	,0011010,30
9.8743,13.304	,0011010,31
9.9229,12.77	,0011010,32
9.9494,12.891	,0011010,33
9.9662,13.181	,0011010,34
9.9746,11.199	,0011010,35
9.9867,13.269	,0011010,36
10.021,11.667	,0011010,37
10.04,12.254	,0011010,38
10.057,10.586	,0011010,39
10.067,10.11	,0011010,40
10.105,13.367	,0011010,41
10.124,9.9303	,0011010,42
10.147,9.3315	,0011010,43
10.149,11.366	,0011010,44
10.153,11.022	,0011010,45
10.154,12.301	,0011010,46
8.997,14.123	,0011011,0
9.0133,14.447	,0011011,1
9.0486,14.54	,0011011,2
9.0503,14.397	,0011011,3
9.0687,14.3	,0011011,4
9.0943,14.518	,0011011,5
9.1074,13.771	,0011011,6
9.1111,13.86	,0011011,7
9.1342,14.191	,0011011,8
9.1812,14.196	,0011011,9
9.2312,14.544	,0011011,10
9.2769,14.48	,0011011,11
9.2999,13.835	,0011011,12
9.31,14.727	,0011011,13
9.3518,13.546	,0011011,14
9.3525,14.241	,0011011,15
9.3592,13.578	,0011011,16
9.3632,14.61	,0011011,17
9.3641,14.151	,0011011,18
9.3749,14.123	,0011011,19
9.3809,14.347	,0011011,20
9.3818,14.59	,0011011,21
9.394,14.796	,0011011,22
9.4429,14.429	,0011011,23
9.5343,13.755	,0011011,24
9.5596,14.356	,0011011,25
9.6337,13.79	,0011011,26
9.6761,14.443	,0011011,27
9.6787,14.71	,0011011,28
9.6815,14.243	,0011011,29
9.7089,14.011	,0011011,30
9.715,14.817	,0011011,31
9.8167,13.554	,0011011,32
9.8175,14.302	,0011011,33
9.8936,13.787	,0011011,34
9.8989,14.708	,0011011,35
9.9114,13.833	,0011011,36
9.9204,14.495	,0011011,37
9.9272,13.616	,0011011,38
9.9301,13.654	,0011011,39
9.9367,14.663	,0011011,40
9.9896,14.177	,0011011,41
10.002,13.706	,0011011,42
10.006,13.679	,0011011,43
10.006,14.42	,0011011,44
10.021,14.712	,0011011,45
10.048,14.145	,0011011,46
7.5768,15.509	,0011100,0
7.6387,15.172	,0011100,1
7.6773,15.777	,0011100,2
7.6997,16.036	,0011100,3
7.8441,15.657	,0011100,4
7.9601,15.102	,0011100,5
7.9921,14.949	,0011100,6
7.9993,14.907	,0011100,7
7.9995,16.007	,0011100,8
8.0206,16.155	,0011100,9
8.0408,15.286	,0011100,10
8.0727,14.862	,0011100,11
8.0908,15.858	,0011100,12
8.0956,15.274	,0011100,13
8.1371,15.051	,0011100,14
8.1694,15.295	,0011100,15
8.2114,15.026	,0011100,16
8.2188,14.908	,0011100,17
8.2229,16.031	,0011100,18
8.2244,15.121	,0011100,19
8.3139,15.898	,0011100,20
8.3249,15.121	,0011100,21
8.3891,15.37	,0011100,22
8.3937,15.504	,0011100,23
8.3945,15.434	,0011100,24
8.4346,15.707	,0011100,25
8.4491,15.527	,0011100,26
8.4516,15.343	,0011100,27
8.5396,14.861	,0011100,28
8.587,15.464	,0011100,29
8.5918,16.172	,0011100,30
8.6106,16.077	,0011100,31
8.6379,15.496	,0011100,32
8.6481,15.276	,0011100,33
8.6692,16.036	,0011100,34
8.6771,14.972	,0011100,35
8.6804,15.017	,0011100,36
8.7508,15.428	,0011100,37
8.7974,16.154	,0011100,38
8.8483,15.493	,0011100,39
8.9483,15.763	,0011100,40
8.9597,15.596	,0011100,41
9.0249,15.763	,0011100,42
9.0353,16.163	,0011100,43
9.0468,15.35	,0011100,44
9.0733,15.706	,0011100,45
9.1188,15.727	,0011100,46
7.6055,19.118	,0011101,0
7.667,16.219	,0011101,1
7.7211,17.261	,0011101,2
7.7341,18.132	,0011101,3
7.8088,17.185	,0011101,4
7.8206,16.618	,0011101,5
7.8256,16.57	,0011101,6
7.8692,16.613	,0011101,7
7.9259,17.575	,0011101,8
7.9668,16.498	,0011101,9
7.968,17.295	,0011101,10
7.9921,17.586	,0011101,11
8.0351,16.636	,0011101,12
8.0396,20.652	,0011101,13
8.1657,16.34	,0011101,14
8.182,18.971	,0011101,15
8.1927,16.536	,0011101,16
8.258,17.651	,0011101,17
8.3672,17.93	,0011101,18
8.3775,16.669	,0011101,19
8.4375,20.763	,0011101,20
8.4512,19.138	,0011101,21
8.5738,21.386	,0011101,22
8.5796,16.46	,0011101,23
8.5875,18.564	,0011101,24
8.6186,19.181	,0011101,25
8.6421,18.779	,0011101,26
8.6449,17.039	,0011101,27
8.6487,17.618	,0011101,28
8.6641,16.181	,0011101,29
8.6884,18.04	,0011101,30
8.6886,16.616	,0011101,31
8.791,19.812	,0011101,32
8.9201,19.93	,0011101,33
8.9228,17.314	,0011101,34
8.9274,17.522	,0011101,35
8.928,18.003	,0011101,36
8.9449,18.076	,0011101,37
8.9513,18.415	,0011101,38
8.9815,18.699	,0011101,39
9.0084,16.288	,0011101,40
9.0411,18.341	,0011101,41
9.043,20.479	,0011101,42
9.0833,17.133	,0011101,43
9.0921,16.18	,0011101,44
9.1316,17.268	,0011101,45
9.1394,21.571	,0011101,46
9.1554,15.082	,0011110,0
9.1598,15.468	,0011110,1
9.1851,16.315	,0011110,2
9.1861,15.599	,0011110,3
9.2271,16.085	,0011110,4
9.2602,16.513	,0011110,5
9.2611,15.305	,0011110,6
9.2701,16.384	,0011110,7
9.2728,14.958	,0011110,8
9.3085,16.045	,0011110,9
9.3242,16.24	,0011110,10
9.3419,15.719	,0011110,11
9.3523,16.478	,0011110,12
9.3639,15.491	,0011110,13
9.3714,15.16	,0011110,14
9.3938,16.572	,0011110,15
9.4418,15.697	,0011110,16
9.4557,15.499	,0011110,17
9.5848,15.271	,0011110,18
9.5893,16.187	,0011110,19
9.6088,15.018	,0011110,20
9.6153,15.011	,0011110,21
9.6479,15.825	,0011110,22
9.6504,15.625	,0011110,23
9.661,16.47	,0011110,24
9.6727,16.095	,0011110,25
9.6868,15.334	,0011110,26
9.723,14.909	,0011110,27
9.7235,15.467	,0011110,28
9.7667,14.888	,0011110,29
9.8009,15.411	,0011110,30
9.8014,16.463	,0011110,31
9.8027,15.925	,0011110,32
9.8057,14.931	,0011110,33
9.8111,14.861	,0011110,34
9.8276,15.313	,0011110,35
9.8671,16.42	,0011110,36
9.8822,16.276	,0011110,37
9.891,16.077	,0011110,38
9.9202,14.878	,0011110,39
9.9359,15.653	,0011110,40
9.9684,16.435	,0011110,41
10.015,16.233	,0011110,42
10.04,15.287	,0011110,43
10.056,16.47	,0011110,44
10.103,16.052	,0011110,45
10.11,16.434	,0011110,46
9.1469,16.824	,0011111,0
9.1726,18.773	,0011111,1
9.1869,16.635	,0011111,2
9.2079,16.885	,0011111,3
9.2138,17.755	,0011111,4
9.2194,17.905	,0011111,5
9.221,19.161	,0011111,6
9.2603,17.615	,0011111,7
9.2923,17.86	,0011111,8
9.2939,19.82	,0011111,9
9.3273,17.781	,0011111,10
9.3508,17.065	,0011111,11
9.4246,18.734	,0011111,12
9.4596,18.326	,0011111,13
9.4652,18.557	,0011111,14
9.4717,19.39	,0011111,15
9.4789,17.735	,0011111,16
9.5159,16.8	,0011111,17
9.5201,17.152	,0011111,18
9.5927,18.074	,0011111,19
9.6351,18.227	,0011111,20
9.6706,16.684	,0011111,21
9.6783,17.11	,0011111,22
9.6809,16.642	,0011111,23
9.7031,17.036	,0011111,24
9.7048,19.772	,0011111,25
9.7399,16.693	,0011111,26
9.7477,18.63	,0011111,27
9.756,17.647	,0011111,28
9.8088,16.945	,0011111,29
9.8513,17.647	,0011111,30
9.8575,17.093	,0011111,31
9.8584,17.743	,0011111,32
9.8621,19.878	,0011111,33
9.8633,17.758	,0011111,34
9.8759,17.123	,0011111,35
9.9132,17.931	,0011111,36
9.9143,17.056	,0011111,37
9.9174,16.792	,0011111,38
9.9376,19.218	,0011111,39
9.9641,18.445	,0011111,40
9.9695,19.798	,0011111,41
9.9894,17.986	,0011111,42
9.9987,16.713	,0011111,43
10.059,18.615	,0011111,44
10.136,18.371	,0011111,45
10.147,17.789	,0011111,46
10.161,4.1316	,0100000,0
10.479,6.5241	,0100000,1
10.556,7.4382	,0100000,2
10.589,3.3504	,0100000,3
10.771,5.8014	,0100000,4
10.878,7.291	,0100000,5
10.965,6.0627	,0100000,6
10.986,6.2707	,0100000,7
11.133,4.6648	,0100000,8
11.226,5.0466	,0100000,9
11.256,6.3932	,0100000,10
11.368,5.9796	,0100000,11
11.369,7.2929	,0100000,12
11.43,6.1126	,0100000,13
11.479,6.4673	,0100000,14
11.508,6.8571	,0100000,15
11.525,5.1936	,0100000,16
11.601,5.934	,0100000,17
11.681,3.8097	,0100000,18
11.733,4.5493	,0100000,19
11.828,6.2164	,0100000,20
11.87,-0.98394	,0100000,21
12.064,7.7673	,0100000,22
12.096,1.6064	,0100000,23
12.201,5.6734	,0100000,24
12.242,7.7567	,0100000,25
12.248,6.8084	,0100000,26
12.328,7.2602	,0100000,27
12.336,5.59	,0100000,28
12.404,3.9714	,0100000,29
12.443,3.9537	,0100000,30
12.493,6.9735	,0100000,31
12.541,5.7263	,0100000,32
12.696,7.6517	,0100000,33
12.725,6.9311	,0100000,34
12.758,6.4494	,0100000,35
12.759,3.3094	,0100000,36
12.766,7.6663	,0100000,37
12.777,6.4764	,0100000,38
12.8,6.1636	,0100000,39
12.815,6.7743	,0100000,40
12.893,6.3327	,0100000,41
13.02,3.802	,0100000,42
13.061,5.6279	,0100000,43
13.134,7.0407	,0100000,44
13.142,6.553	,0100000,45
10.176,8.4425	,0100001,0
10.292,9.1551	,0100001,1
10.343,9.3646	,0100001,2
10.566,9.4009	,0100001,3
10.625,8.0672	,0100001,4
10.879,8.6909	,0100001,5
10.959,8.7038	,0100001,6
11.122,7.932	,0100001,7
11.252,8.4173	,0100001,8
11.253,8.5552	,0100001,9
11.391,8.7914	,0100001,10
11.405,7.8901	,0100001,11
11.443,8.7106	,0100001,12
11.466,7.9282	,0100001,13
11.701,7.9111	,0100001,14
11.745,8.9998	,0100001,15
11.779,9.1336	,0100001,16
11.949,8.6548	,0100001,17
11.962,7.7692	,0100001,18
11.987,9.3252	,0100001,19
12.094,8.3428	,0100001,20
12.277,8.083	,0100001,21
12.295,9.3922	,0100001,22
12.329,8.6092	,0100001,23
12.344,7.7719	,0100001,24
12.354,8.3383	,0100001,25
12.407,8.4624	,0100001,26
12.412,9.4031	,0100001,27
12.461,8.892	,0100001,28
12.463,7.7909	,0100001,29
12.481,9.386	,0100001,30
12.507,9.043	,0100001,31
12.552,8.0855	,0100001,32
12.567,8.2555	,0100001,33
12.573,8.4431	,0100001,34
12.681,8.934	,0100001,35
12.71,7.9066	,0100001,36
12.847,9.3581	,0100001,37
12.87,8.4191	,0100001,38
12.882,8.7507	,0100001,39
12.954,7.9507	,0100001,40
12.976,8.2351	,0100001,41
13.004,8.1038	,0100001,42
13.084,9.1335	,0100001,43
13.119,9.2004	,0100001,44
13.143,8.5819	,0100001,45
13.152,8.3065	,0100001,46
13.3,5.1494	,0100010,0
13.318,7.2163	,0100010,1
13.323,8.4585	,0100010,2
13.324,8.3154	,0100010,3
13.361,6.4983	,0100010,4
13.44,7.2902	,0100010,5
13.502,7.6395	,0100010,6
13.604,8.1771	,0100010,7
13.615,7.7756	,0100010,8
13.616,8.1592	,0100010,9
13.642,4.4146	,0100010,10
13.644,7.6802	,0100010,11
13.676,7.5686	,0100010,12
13.705,5.848	,0100010,13
13.74,7.4782	,0100010,14
13.854,8.2182	,0100010,15
13.87,7.448	,0100010,16
13.889,6.7015	,0100010,17
13.924,8.3753	,0100010,18
13.93,6.6291	,0100010,19
13.931,8.2707	,0100010,20
13.979,8.0444	,0100010,21
14.018,7.7402	,0100010,22
14.02,8.1547	,0100010,23
14.064,5.5264	,0100010,24
14.119,7.6636	,0100010,25
14.138,5.1335	,0100010,26
14.151,8.2588	,0100010,27
14.224,6.4721	,0100010,28
14.238,5.902	,0100010,29
14.243,7.7297	,0100010,30
14.259,8.1932	,0100010,31
14.307,7.9139	,0100010,32
14.338,7.3408	,0100010,33
14.368,7.6257	,0100010,34
14.583,7.3064	,0100010,35
14.592,7.9711	,0100010,36
14.602,6.9509	,0100010,37
14.627,7.9355	,0100010,38
14.651,6.5769	,0100010,39
14.708,7.5246	,0100010,40
14.743,7.1642	,0100010,41
14.749,8.4494	,0100010,42
14.785,8.1664	,0100010,43
14.821,7.2808	,0100010,44
14.826,8.0467	,0100010,45
14.845,6.6077	,0100010,46
13.21,8.5483	,0100011,0
13.342,8.8495	,0100011,1
13.378,9.0605	,0100011,2
13.411,9.0463	,0100011,3
13.518,9.3611	,0100011,4
13.561,9.1854	,0100011,5
13.569,8.7743	,0100011,6
13.646,9.1218	,0100011,7
13.704,8.5225	,0100011,8
13.746,8.8896	,0100011,9
13.826,8.542	,0100011,10
13.857,8.61	,0100011,11
13.866,8.7472	,0100011,12
13.869,8.5951	,0100011,13
13.876,9.4064	,0100011,14
13.877,8.4814	,0100011,15
13.882,9.2716	,0100011,16
13.896,9.3185	,0100011,17
13.956,9.3968	,0100011,18
13.97,8.5301	,0100011,19
14.0,8.5138	,0100011,20
14.064,9.2127	,0100011,21
14.094,8.8474	,0100011,22
14.1,8.5092	,0100011,23
14.106,8.9709	,0100011,24
14.111,9.2422	,0100011,25
14.181,9.2842	,0100011,26
14.271,8.9968	,0100011,27
14.274,9.0694	,0100011,28
14.293,9.3392	,0100011,29
14.306,8.7083	,0100011,30
14.331,9.3436	,0100011,31
14.428,9.0487	,0100011,32
14.446,8.6982	,0100011,33
14.471,8.8127	,0100011,34
14.471,9.3804	,0100011,35
14.477,8.8392	,0100011,36
14.481,9.3064	,0100011,37
14.49,9.284	,0100011,38
14.62,8.9836	,0100011,39
14.628,8.6369	,0100011,40
14.701,9.0121	,0100011,41
14.716,8.5165	,0100011,42
14.74,9.382	,0100011,43
14.762,9.1923	,0100011,44
14.85,8.8194	,0100011,45
14.897,8.6153	,0100011,46
10.164,9.9957	,0100100,0
10.255,10.195	,0100100,1
10.352,10.075	,0100100,2
10.89,10.056	,0100100,3
11.444,9.5502	,0100100,4
11.524,9.6975	,0100100,5
11.55,9.5992	,0100100,6
11.697,10.188	,0100100,7
11.772,9.6886	,0100100,8
11.923,9.9082	,0100100,9
11.964,9.6472	,0100100,10
12.101,9.8843	,0100100,11
12.149,9.5616	,0100100,12
12.278,9.6032	,0100100,13
12.324,9.8653	,0100100,14
12.359,10.011	,0100100,15
12.386,9.4363	,0100100,16
12.393,9.9936	,0100100,17
12.478,9.8638	,0100100,18
12.479,9.8939	,0100100,19
12.656,9.7843	,0100100,20
12.664,9.5592	,0100100,21
12.67,9.684	,0100100,22
12.671,10.176	,0100100,23
12.741,9.81	,0100100,24
12.745,10.167	,0100100,25
12.795,10.177	,0100100,26
12.818,9.467	,0100100,27
12.872,10.139	,0100100,28
12.889,9.5001	,0100100,29
12.949,9.7298	,0100100,30
12.975,10.165	,0100100,31
12.984,9.6962	,0100100,32
13.072,10.14	,0100100,33
13.081,9.4611	,0100100,34
13.089,9.4904	,0100100,35
13.11,9.4651	,0100100,36
13.298,9.5963	,0100100,37
13.306,9.5448	,0100100,38
13.334,10.083	,0100100,39
13.34,9.4915	,0100100,40
13.361,9.9588	,0100100,41
13.366,9.9238	,0100100,42
13.426,9.8871	,0100100,43
13.445,10.224	,0100100,44
13.475,9.4372	,0100100,45
13.479,10.042	,0100100,46
10.331,10.642	,0100101,0
10.367,10.302	,0100101,1
10.651,11.012	,0100101,2
10.67,10.522	,0100101,3
10.738,10.818	,0100101,4
10.782,10.848	,0100101,5
11.066,10.628	,0100101,6
11.159,10.427	,0100101,7
11.432,10.547	,0100101,8
11.608,10.233	,0100101,9
11.88,10.792	,0100101,10
11.925,10.948	,0100101,11
11.937,10.596	,0100101,12
12.021,10.423	,0100101,13
12.063,10.827	,0100101,14
12.131,11.015	,0100101,15
12.166,10.487	,0100101,16
12.202,10.789	,0100101,17
12.245,10.363	,0100101,18
12.256,10.855	,0100101,19
12.337,10.771	,0100101,20
12.37,10.25	,0100101,21
12.489,10.949	,0100101,22
12.571,10.59	,0100101,23
12.588,10.575	,0100101,24
12.637,10.848	,0100101,25
12.685,10.485	,0100101,26
12.693,10.593	,0100101,27
12.697,10.425	,0100101,28
12.706,10.371	,0100101,29
12.718,10.857	,0100101,30
12.753,10.961	,0100101,31
12.78,11.015	,0100101,32
12.872,11.045	,0100101,33
12.913,10.705	,0100101,34
12.946,11.017	,0100101,35
13.005,10.814	,0100101,36
13.011,10.964	,0100101,37
13.021,10.415	,0100101,38
13.095,10.996	,0100101,39
13.104,10.634	,0100101,40
13.122,10.846	,0100101,41
13.24,10.536	,0100101,42
13.367,10.823	,0100101,43
13.384,10.943	,0100101,44
13.4,10.234	,0100101,45
13.441,10.7	,0100101,46
13.505,10.241	,0100110,0
13.522,9.8445	,0100110,1
13.54,10.022	,0100110,2
13.546,9.9245	,0100110,3
13.55,10.099	,0100110,4
13.598,9.5693	,0100110,5
13.605,9.5901	,0100110,6
13.632,10.098	,0100110,7
13.708,9.5536	,0100110,8
13.77,9.5614	,0100110,9
13.808,9.8869	,0100110,10
13.844,9.6728	,0100110,11
13.896,10.226	,0100110,12
13.92,9.9773	,0100110,13
13.923,10.014	,0100110,14
14.04,9.6413	,0100110,15
14.08,9.5407	,0100110,16
14.094,9.8665	,0100110,17
14.101,9.7315	,0100110,18
14.194,9.5488	,0100110,19
14.223,9.6246	,0100110,20
14.225,9.5073	,0100110,21
14.24,9.4282	,0100110,22
14.26,9.6064	,0100110,23
14.31,10.067	,0100110,24
14.372,9.6279	,0100110,25
14.406,9.9659	,0100110,26
14.41,9.5751	,0100110,27
14.437,9.7768	,0100110,28
14.48,9.6812	,0100110,29
14.487,10.131	,0100110,30
14.494,9.4665	,0100110,31
14.495,9.6656	,0100110,32
14.505,9.8337	,0100110,33
14.545,9.5334	,0100110,34
14.64,9.4745	,0100110,35
14.661,10.221	,0100110,36
14.681,10.014	,0100110,37
14.686,10.009	,0100110,38
14.736,9.5454	,0100110,39
14.738,9.7634	,0100110,40
14.767,9.8505	,0100110,41
14.774,9.9258	,0100110,42
14.81,9.9083	,0100110,43
14.841,9.9437	,0100110,44
14.846,9.8865	,0100110,45
14.851,9.4304	,0100110,46
13.549,10.842	,0100111,0
13.623,10.733	,0100111,1
13.652,10.574	,0100111,2
13.685,10.302	,0100111,3
13.688,10.411	,0100111,4
13.689,10.355	,0100111,5
13.722,10.577	,0100111,6
13.734,10.43	,0100111,7
13.736,10.28	,0100111,8
13.748,10.96	,0100111,9
13.846,10.379	,0100111,10
13.85,10.957	,0100111,11
13.866,10.88	,0100111,12
13.888,10.405	,0100111,13
13.909,10.964	,0100111,14
13.913,10.846	,0100111,15
13.98,10.35	,0100111,16
14.018,10.942	,0100111,17
14.06,10.403	,0100111,18
14.141,10.623	,0100111,19
14.151,10.486	,0100111,20
14.19,11.051	,0100111,21
14.204,10.623	,0100111,22
14.212,10.949	,0100111,23
14.222,10.286	,0100111,24
14.243,10.577	,0100111,25
14.259,10.963	,0100111,26
14.28,10.593	,0100111,27
14.314,10.382	,0100111,28
14.335,10.489	,0100111,29
14.369,10.886	,0100111,30
14.397,10.249	,0100111,31
14.435,10.853	,0100111,32
14.448,11.013	,0100111,33
14.463,10.587	,0100111,34
14.481,10.401	,0100111,35
14.544,10.569	,0100111,36
14.556,10.407	,0100111,37
14.665,10.969	,0100111,38
14.713,10.673	,0100111,39
14.715,10.51	,0100111,40
14.733,10.894	,0100111,41
14.744,10.273	,0100111,42
14.774,10.381	,0100111,43
14.837,10.335	,0100111,44
14.839,10.755	,0100111,45
14.859,10.255	,0100111,46
14.979,6.8967	,0101000,0
15.017,7.2785	,0101000,1
15.032,7.758	,0101000,2
15.047,6.3957	,0101000,3
15.055,6.0076	,0101000,4
15.12,5.3717	,0101000,5
15.125,6.7523	,0101000,6
15.134,5.914	,0101000,7
15.199,6.9621	,0101000,8
15.207,7.4967	,0101000,9
15.235,8.0421	,0101000,10
15.259,7.3066	,0101000,11
15.27,6.442	,0101000,12
15.274,7.1706	,0101000,13
15.288,5.979	,0101000,14
15.306,8.1528	,0101000,15
15.366,8.1486	,0101000,16
15.384,7.9309	,0101000,17
15.407,7.4754	,0101000,18
15.446,8.039	,0101000,19
15.447,7.1937	,0101000,20
15.462,5.4284	,0101000,21
15.547,6.3439	,0101000,22
15.596,7.7736	,0101000,23
15.602,6.9177	,0101000,24
15.603,6.5854	,0101000,25
15.649,7.9101	,0101000,26
15.707,7.6593	,0101000,27
15.713,8.0793	,0101000,28
15.722,7.4513	,0101000,29
15.781,8.0486	,0101000,30
15.783,4.8592	,0101000,31
15.867,7.4295	,0101000,32
15.87,6.4304	,0101000,33
15.946,6.2664	,0101000,34
16.007,6.8292	,0101000,35
16.023,4.7378	,0101000,36
16.05,8.1498	,0101000,37
16.076,7.7984	,0101000,38
16.111,7.368	,0101000,39
16.123,6.7992	,0101000,40
16.142,7.1592	,0101000,41
16.169,6.3642	,0101000,42
16.178,4.8647	,0101000,43
16.179,5.5502	,0101000,44
16.227,7.8315	,0101000,45
14.913,9.0093	,0101001,0
14.928,9.0472	,0101001,1
14.937,8.1789	,0101001,2
14.941,8.8703	,0101001,3
14.943,8.9011	,0101001,4
14.959,8.2781	,0101001,5
14.972,8.5147	,0101001,6
14.989,8.5867	,0101001,7
15.002,8.9432	,0101001,8
15.005,8.9216	,0101001,9
15.085,8.6669	,0101001,10
15.132,8.8497	,0101001,11
15.17,8.3319	,0101001,12
15.176,9.1132	,0101001,13
15.2,8.6227	,0101001,14
15.23,9.112	,0101001,15
15.231,8.8129	,0101001,16
15.305,9.1353	,0101001,17
15.325,8.5354	,0101001,18
15.36,8.9205	,0101001,19
15.405,8.8127	,0101001,20
15.412,9.1432	,0101001,21
15.457,9.027	,0101001,22
15.459,8.7525	,0101001,23
15.542,9.0133	,0101001,24
15.544,8.1851	,0101001,25
15.548,8.16	,0101001,26
15.573,9.2055	,0101001,27
15.574,8.8469	,0101001,28
15.645,8.2704	,0101001,29
15.664,9.1078	,0101001,30
15.689,8.336	,0101001,31
15.718,8.1712	,0101001,32
15.741,8.8375	,0101001,33
15.75,8.8404	,0101001,34
15.751,9.1005	,0101001,35
15.779,9.0688	,0101001,36
15.8,8.9027	,0101001,37
15.885,8.9921	,0101001,38
15.899,8.5361	,0101001,39
15.909,8.1757	,0101001,40
15.957,8.4183	,0101001,41
16.019,8.1918	,0101001,42
16.111,8.7697	,0101001,43
16.149,8.4723	,0101001,44
16.156,8.5774	,0101001,45
16.174,9.0342	,0101001,46
16.265,5.5902	,0101010,0
16.277,7.8829	,0101010,1
16.279,6.9195	,0101010,2
16.287,7.0403	,0101010,3
16.292,6.835	,0101010,4
16.32,7.2786	,0101010,5
16.323,7.5162	,0101010,6
16.367,7.5335	,0101010,7
16.385,6.071	,0101010,8
16.389,7.7287	,0101010,9
16.396,7.0484	,0101010,10
16.439,7.1217	,0101010,11
16.57,5.8426	,0101010,12
16.583,7.3835	,0101010,13
16.65,6.2628	,0101010,14
16.668,8.0134	,0101010,15
16.682,7.5475	,0101010,16
16.765,7.2134	,0101010,17
16.834,7.3312	,0101010,18
16.897,5.8075	,0101010,19
16.967,7.9228	,0101010,20
17.098,7.6061	,0101010,21
17.215,7.2631	,0101010,22
17.219,6.6171	,0101010,23
17.241,6.054	,0101010,24
17.324,5.3934	,0101010,25
17.461,7.8927	,0101010,26
17.535,7.9127	,0101010,27
17.567,7.346	,0101010,28
17.764,8.0737	,0101010,29
17.804,7.8349	,0101010,30
17.846,8.0556	,0101010,31
17.982,6.3862	,0101010,32
18.05,6.9562	,0101010,33
18.051,7.5096	,0101010,34
18.06,6.7015	,0101010,35
18.096,6.9046	,0101010,36
18.104,8.0247	,0101010,37
18.239,6.9753	,0101010,38
18.342,7.5415	,0101010,39
18.359,7.2256	,0101010,40
18.36,6.9185	,0101010,41
18.463,6.8317	,0101010,42
18.712,6.9369	,0101010,43
18.944,7.853	,0101010,44
20.246,6.0107	,0101010,45
20.397,7.7376	,0101010,46
16.261,9.1992	,0101011,0
16.27,8.3242	,0101011,1
16.278,8.7969	,0101011,2
16.34,9.0327	,0101011,3
16.341,8.673	,0101011,4
16.369,9.1502	,0101011,5
16.38,8.8257	,0101011,6
16.382,8.3512	,0101011,7
16.427,8.6631	,0101011,8
16.44,9.016	,0101011,9
16.45,9.0621	,0101011,10
16.465,8.8452	,0101011,11
16.477,8.9727	,0101011,12
16.489,8.8768	,0101011,13
16.521,9.0317	,0101011,14
16.558,8.2558	,0101011,15
16.568,8.7133	,0101011,16
16.571,8.8711	,0101011,17
16.602,8.6647	,0101011,18
16.612,8.6848	,0101011,19
16.698,8.1336	,0101011,20
16.79,8.7842	,0101011,21
16.802,8.2164	,0101011,22
16.874,8.5364	,0101011,23
16.885,9.0322	,0101011,24
16.915,9.1162	,0101011,25
17.045,8.6638	,0101011,26
17.098,8.3966	,0101011,27
17.111,8.3964	,0101011,28
17.111,8.655	,0101011,29
17.197,8.5391	,0101011,30
17.212,8.6834	,0101011,31
17.238,8.8029	,0101011,32
17.335,9.2056	,0101011,33
17.418,8.2467	,0101011,34
17.449,9.1661	,0101011,35
17.602,8.5585	,0101011,36
17.637,8.472	,0101011,37
17.692,8.8894	,0101011,38
17.94,8.4707	,0101011,39
18.153,8.2998	,0101011,40
18.346,8.646	,0101011,41
18.499,8.6219	,0101011,42
18.526,8.9473	,0101011,43
18.945,8.9465	,0101011,44
19.393,8.9002	,0101011,45
20.84,8.8729	,0101011,46
14.917,9.7613	,0101100,0
14.935,9.5876	,0101100,1
14.935,9.9001	,0101100,2
14.948,9.7246	,0101100,3
14.992,9.3283	,0101100,4
15.005,9.5263	,0101100,5
15.017,9.7651	,0101100,6
15.039,9.3021	,0101100,7
15.143,9.249	,0101100,8
15.144,9.7316	,0101100,9
15.149,9.5682	,0101100,10
15.186,9.8008	,0101100,11
15.217,9.4685	,0101100,12
15.218,9.2112	,0101100,13
15.256,9.4058	,0101100,14
15.354,9.7343	,0101100,15
15.369,9.8714	,0101100,16
15.458,9.7472	,0101100,17
15.463,9.9375	,0101100,18
15.477,9.6014	,0101100,19
15.504,9.5253	,0101100,20
15.505,10.012	,0101100,21
15.515,9.4627	,0101100,22
15.529,10.142	,0101100,23
15.552,9.4204	,0101100,24
15.575,9.6947	,0101100,25
15.597,9.3815	,0101100,26
15.602,10.006	,0101100,27
15.604,9.7557	,0101100,28
15.617,10.09	,0101100,29
15.66,9.23	,0101100,30
15.704,10.092	,0101100,31
15.813,9.5972	,0101100,32
15.82,9.263	,0101100,33
15.834,10.028	,0101100,34
15.852,9.2699	,0101100,35
15.866,9.7462	,0101100,36
15.963,9.6514	,0101100,37
15.972,9.238	,0101100,38
16.038,9.3816	,0101100,39
16.048,10.046	,0101100,40
16.088,9.6993	,0101100,41
16.179,9.3429	,0101100,42
16.25,9.3058	,0101100,43
16.319,9.9412	,0101100,44
16.319,10.087	,0101100,45
16.372,9.5937	,0101100,46
14.904,11.042	,0101101,0
14.911,10.88	,0101101,1
14.948,10.533	,0101101,2
15.012,11.007	,0101101,3
15.032,10.234	,0101101,4
15.084,10.859	,0101101,5
15.127,10.347	,0101101,6
15.146,10.97	,0101101,7
15.159,11.051	,0101101,8
15.162,10.528	,0101101,9
15.173,10.429	,0101101,10
15.207,10.49	,0101101,11
15.241,10.293	,0101101,12
15.25,10.163	,0101101,13
15.283,10.78	,0101101,14
15.289,10.195	,0101101,15
15.315,10.536	,0101101,16
15.318,11.047	,0101101,17
15.334,10.481	,0101101,18
15.392,10.829	,0101101,19
15.458,10.61	,0101101,20
15.47,10.725	,0101101,21
15.479,10.426	,0101101,22
15.481,10.558	,0101101,23
15.505,10.674	,0101101,24
15.507,10.519	,0101101,25
15.537,10.974	,0101101,26
15.541,10.682	,0101101,27
15.599,10.891	,0101101,28
15.725,10.931	,0101101,29
15.874,10.627	,0101101,30
15.875,10.226	,0101101,31
15.881,10.996	,0101101,32
15.901,10.558	,0101101,33
15.914,10.727	,0101101,34
15.924,10.935	,0101101,35
15.972,10.752	,0101101,36
16.118,10.805	,0101101,37
16.126,10.174	,0101101,38
16.14,10.323	,0101101,39
16.206,10.356	,0101101,40
16.259,10.448	,0101101,41
16.267,10.165	,0101101,42
16.276,10.469	,0101101,43
16.366,10.255	,0101101,44
16.391,10.358	,0101101,45
16.397,10.747	,0101101,46
16.426,10.114	,0101110,0
16.429,10.045	,0101110,1
16.513,9.3777	,0101110,2
16.544,10.12	,0101110,3
16.575,9.2876	,0101110,4
16.585,10.115	,0101110,5
16.603,10.089	,0101110,6
16.646,9.7665	,0101110,7
16.705,10.103	,0101110,8
16.76,10.016	,0101110,9
16.777,9.6426	,0101110,10
16.823,9.8731	,0101110,11
16.826,9.5261	,0101110,12
16.88,10.078	,0101110,13
16.923,9.8555	,0101110,14
17.066,9.3875	,0101110,15
17.093,9.7313	,0101110,16
17.105,9.8242	,0101110,17
17.129,9.3266	,0101110,18
17.187,9.9971	,0101110,19
17.313,10.145	,0101110,20
17.54,10.069	,0101110,21
17.585,9.4283	,0101110,22
17.611,9.7171	,0101110,23
17.744,9.5823	,0101110,24
17.812,9.2342	,0101110,25
17.883,9.7425	,0101110,26
17.921,9.9968	,0101110,27
17.929,9.5228	,0101110,28
18.099,9.72	,0101110,29
18.103,9.5896	,0101110,30
18.29,9.3716	,0101110,31
18.426,9.5561	,0101110,32
18.556,10.074	,0101110,33
18.584,9.458	,0101110,34
18.628,9.3943	,0101110,35
18.717,9.6588	,0101110,36
18.72,9.7681	,0101110,37
18.75,9.5434	,0101110,38
18.793,9.4021	,0101110,39
18.845,9.8747	,0101110,40
19.107,9.4211	,0101110,41
19.755,9.7765	,0101110,42
20.121,9.2064	,0101110,43
20.155,9.6995	,0101110,44
20.603,9.3143	,0101110,45
21.2,10.1	,0101110,46
16.496,10.894	,0101111,0
16.51,10.306	,0101111,1
16.551,10.227	,0101111,2
16.597,11.035	,0101111,3
16.606,10.714	,0101111,4
16.632,10.976	,0101111,5
16.636,10.179	,0101111,6
16.96,10.376	,0101111,7
16.966,10.193	,0101111,8
16.978,10.75	,0101111,9
16.979,10.26	,0101111,10
16.983,10.337	,0101111,11
17.031,11.061	,0101111,12
17.035,10.802	,0101111,13
17.057,10.768	,0101111,14
17.072,10.549	,0101111,15
17.073,10.903	,0101111,16
17.124,10.999	,0101111,17
17.14,10.437	,0101111,18
17.152,10.963	,0101111,19
17.214,10.431	,0101111,20
17.286,10.572	,0101111,21
17.307,10.573	,0101111,22
17.354,10.464	,0101111,23
17.497,10.756	,0101111,24
17.59,11.039	,0101111,25
17.795,10.173	,0101111,26
18.002,10.223	,0101111,27
18.003,10.412	,0101111,28
18.072,10.374	,0101111,29
18.073,10.648	,0101111,30
18.086,10.559	,0101111,31
18.349,10.91	,0101111,32
18.392,10.436	,0101111,33
18.463,10.85	,0101111,34
18.475,11.056	,0101111,35
18.506,10.782	,0101111,36
18.544,10.84	,0101111,37
18.576,10.317	,0101111,38
18.749,10.467	,0101111,39
19.319,11.016	,0101111,40
19.514,10.534	,0101111,41
19.837,10.929	,0101111,42
19.954,10.742	,0101111,43
19.986,10.978	,0101111,44
20.557,10.393	,0101111,45
20.867,10.776	,0101111,46
10.208,12.957	,0110000,0
10.244,11.279	,0110000,1
10.245,13.313	,0110000,2
10.254,11.934	,0110000,3
10.288,12.602	,0110000,4
10.29,12.342	,0110000,5
10.317,11.701	,0110000,6
10.335,11.535	,0110000,7
10.374,12.738	,0110000,8
10.397,13.206	,0110000,9
10.448,12.732	,0110000,10
10.471,12.466	,0110000,11
10.48,11.627	,0110000,12
10.498,11.908	,0110000,13
10.546,12.598	,0110000,14
10.548,11.563	,0110000,15
10.562,13.472	,0110000,16
10.667,12.777	,0110000,17
10.671,12.746	,0110000,18
10.73,12.273	,0110000,19
10.738,11.225	,0110000,20
10.756,12.21	,0110000,21
10.791,12.882	,0110000,22
10.794,12.44	,0110000,23
10.843,12.962	,0110000,24
10.865,12.133	,0110000,25
10.873,12.648	,0110000,26
10.879,12.76	,0110000,27
10.884,11.878	,0110000,28
10.956,12.61	,0110000,29
11.009,13.119	,0110000,30
11.062,11.852	,0110000,31
11.101,13.207	,0110000,32
11.114,12.766	,0110000,33
11.161,12.66	,0110000,34
11.172,13.063	,0110000,35
11.233,11.117	,0110000,36
11.248,12.785	,0110000,37
11.286,12.734	,0110000,38
11.288,11.566	,0110000,39
11.289,11.23	,0110000,40
11.314,11.703	,0110000,41
11.317,12.304	,0110000,42
11.35,12.794	,0110000,43
11.361,11.776	,0110000,44
11.375,11.08	,0110000,45
10.162,13.591	,0110001,0
10.175,14.08	,0110001,1
10.177,14.671	,0110001,2
10.182,14.471	,0110001,3
10.216,13.914	,0110001,4
10.228,14.756	,0110001,5
10.266,14.349	,0110001,6
10.267,14.034	,0110001,7
10.282,13.912	,0110001,8
10.282,13.546	,0110001,9
10.313,14.272	,0110001,10
10.373,13.941	,0110001,11
10.433,14.675	,0110001,12
10.441,13.678	,0110001,13
10.497,13.546	,0110001,14
10.505,13.951	,0110001,15
10.56,13.808	,0110001,16
10.561,14.69	,0110001,17
10.572,14.049	,0110001,18
10.584,14.512	,0110001,19
10.617,14.419	,0110001,20
10.63,14.342	,0110001,21
10.664,13.792	,0110001,22
10.676,14.29	,0110001,23
10.702,14.027	,0110001,24
10.703,13.588	,0110001,25
10.704,14.626	,0110001,26
10.732,14.243	,0110001,27
10.74,14.701	,0110001,28
10.808,14.057	,0110001,29
10.814,13.907	,0110001,30
10.908,13.576	,0110001,31
10.919,13.58	,0110001,32
10.92,13.898	,0110001,33
10.955,13.859	,0110001,34
10.98,13.656	,0110001,35
10.996,14.507	,0110001,36
10.997,13.747	,0110001,37
11.004,14.097	,0110001,38
11.044,14.106	,0110001,39
11.061,14.689	,0110001,40
11.084,13.766	,0110001,41
11.179,14.573	,0110001,42
11.19,14.067	,0110001,43
11.271,14.243	,0110001,44
11.333,14.632	,0110001,45
11.36,13.493	,0110001,46
11.399,11.521	,0110010,0
11.479,11.803	,0110010,1
11.503,11.758	,0110010,2
11.503,12.344	,0110010,3
11.555,12.948	,0110010,4
11.564,12.407	,0110010,5
11.566,11.227	,0110010,6
11.576,11.375	,0110010,7
11.582,11.124	,0110010,8
11.617,11.667	,0110010,9
11.62,11.958	,0110010,10
11.675,11.979	,0110010,11
11.693,12.981	,0110010,12
11.701,12.218	,0110010,13
11.71,11.385	,0110010,14
11.718,11.426	,0110010,15
11.762,11.475	,0110010,16
11.783,12.213	,0110010,17
11.795,12.239	,0110010,18
11.909,12.864	,0110010,19
11.939,11.795	,0110010,20
12.043,12.567	,0110010,21
12.049,11.738	,0110010,22
12.061,11.996	,0110010,23
12.08,12.714	,0110010,24
12.103,13.047	,0110010,25
12.108,12.375	,0110010,26
12.144,12.457	,0110010,27
12.162,11.587	,0110010,28
12.207,12.816	,0110010,29
12.246,11.731	,0110010,30
12.284,12.848	,0110010,31
12.318,12.446	,0110010,32
12.389,11.714	,0110010,33
12.409,12.456	,0110010,34
12.46,11.954	,0110010,35
12.461,11.927	,0110010,36
12.493,12.676	,0110010,37
12.562,11.175	,0110010,38
12.569,12.068	,0110010,39
12.57,13.036	,0110010,40
12.581,12.988	,0110010,41
12.585,13.036	,0110010,42
12.592,11.724	,0110010,43
12.713,11.648	,0110010,44
12.783,11.073	,0110010,45
12.791,12.213	,0110010,46
11.408,13.129	,0110011,0
11.416,13.258	,0110011,1
11.438,13.817	,0110011,2
11.443,14.195	,0110011,3
11.531,14.15	,0110011,4
11.544,14.019	,0110011,5
11.565,13.527	,0110011,6
11.585,13.445	,0110011,7
11.641,13.815	,0110011,8
11.642,13.375	,0110011,9
11.676,13.959	,0110011,10
11.681,14.502	,0110011,11
11.69,13.562	,0110011,12
11.748,13.363	,0110011,13
11.764,13.795	,0110011,14
11.776,13.851	,0110011,15
11.795,13.586	,0110011,16
11.809,13.742	,0110011,17
11.823,13.624	,0110011,18
11.841,13.1	,0110011,19
11.853,14.238	,0110011,20
11.863,13.814	,0110011,21
11.92,13.424	,0110011,22
11.924,13.617	,0110011,23
11.928,14.127	,0110011,24
11.962,13.365	,0110011,25
11.974,13.389	,0110011,26
12.016,14.714	,0110011,27
12.063,14.725	,0110011,28
12.092,14.595	,0110011,29
12.177,14.562	,0110011,30
12.192,13.511	,0110011,31
12.237,14.42	,0110011,32
12.296,13.207	,0110011,33
12.308,13.815	,0110011,34
12.345,13.918	,0110011,35
12.505,13.363	,0110011,36
12.531,14.25	,0110011,37
12.564,14.671	,0110011,38
12.579,14.785	,0110011,39
12.585,13.353	,0110011,40
12.607,14.175	,0110011,41
12.691,13.211	,0110011,42
12.709,13.388	,0110011,43
12.726,13.989	,0110011,44
12.741,13.534	,0110011,45
12.747,13.922	,0110011,46
10.156,15.425	,0110100,0
10.178,16.188	,0110100,1
10.194,16.287	,0110100,2
10.199,15.646	,0110100,3
10.212,15.525	,0110100,4
10.239,16.733	,0110100,5
10.254,15.601	,0110100,6
10.295,15.359	,0110100,7
10.306,15.2	,0110100,8
10.314,16.357	,0110100,9
10.346,15.955	,0110100,10
10.354,15.239	,0110100,11
10.382,16.367	,0110100,12
10.386,15.656	,0110100,13
10.39,16.282	,0110100,14
10.409,15.59	,0110100,15
10.409,16.627	,0110100,16
10.452,14.842	,0110100,17
10.481,16.016	,0110100,18
10.562,15.747	,0110100,19
10.568,14.923	,0110100,20
10.575,15.888	,0110100,21
10.587,15.522	,0110100,22
10.589,15.684	,0110100,23
10.618,15.826	,0110100,24
10.619,15.014	,0110100,25
10.621,15.636	,0110100,26
10.648,15.174	,0110100,27
10.65,16.697	,0110100,28
10.657,16.193	,0110100,29
10.662,15.835	,0110100,30
10.733,16.092	,0110100,31
10.738,15.007	,0110100,32
10.755,15.11	,0110100,33
10.862,15.113	,0110100,34
10.888,16.14	,0110100,35
11.021,15.034	,0110100,36
11.063,16.578	,0110100,37
11.07,15.767	,0110100,38
11.071,15.277	,0110100,39
11.079,16.22	,0110100,40
11.104,15.684	,0110100,41
11.119,15.89	,0110100,42
11.131,16.145	,0110100,43
11.15,16.642	,0110100,44
11.19,15.922	,0110100,45
11.223,16.715	,0110100,46
10.154,16.886	,0110101,0
10.171,16.821	,0110101,1
10.172,17.238	,0110101,2
10.199,16.901	,0110101,3
10.289,18.326	,0110101,4
10.39,17.848	,0110101,5
10.394,18.338	,0110101,6
10.46,17.914	,0110101,7
10.463,17.628	,0110101,8
10.471,19.517	,0110101,9
10.51,18.385	,0110101,10
10.516,18.653	,0110101,11
10.524,17.464	,0110101,12
10.538,17.313	,0110101,13
10.542,17.461	,0110101,14
10.567,17.664	,0110101,15
10.586,19.168	,0110101,16
10.604,19.473	,0110101,17
10.609,17.316	,0110101,18
10.628,18.01	,0110101,19
10.662,18.247	,0110101,20
10.669,17.833	,0110101,21
10.674,17.176	,0110101,22
10.746,18.214	,0110101,23
10.768,18.744	,0110101,24
10.781,18.33	,0110101,25
10.797,16.752	,0110101,26
10.813,16.82	,0110101,27
10.824,19.268	,0110101,28
10.831,19.829	,0110101,29
10.892,18.502	,0110101,30
10.894,17.514	,0110101,31
10.894,17.866	,0110101,32
10.915,20.419	,0110101,33
10.965,18.321	,0110101,34
10.978,16.86	,0110101,35
11.017,18.466	,0110101,36
11.05,16.764	,0110101,37
11.075,20.446	,0110101,38
11.114,17.199	,0110101,39
11.163,16.845	,0110101,40
11.18,18.881	,0110101,41
11.187,17.302	,0110101,42
11.201,17.241	,0110101,43
11.203,18.208	,0110101,44
11.232,18.173	,0110101,45
11.25,18.164	,0110101,46
11.283,15.056	,0110110,0
11.37,15.986	,0110110,1
11.379,15.214	,0110110,2
11.396,15.395	,0110110,3
11.477,15.435	,0110110,4
11.542,15.548	,0110110,5
11.552,15.202	,0110110,6
11.563,15.574	,0110110,7
11.615,14.928	,0110110,8
11.616,15.107	,0110110,9
11.673,15.312	,0110110,10
11.693,15.327	,0110110,11
11.704,15.438	,0110110,12
11.712,15.915	,0110110,13
11.751,15.056	,0110110,14
11.832,16.095	,0110110,15
11.85,15.375	,0110110,16
11.891,15.147	,0110110,17
11.899,15.278	,0110110,18
11.941,15.14	,0110110,19
11.955,16.267	,0110110,20
11.963,15.109	,0110110,21
11.967,15.874	,0110110,22
11.998,16.195	,0110110,23
12.003,15.219	,0110110,24
12.088,15.127	,0110110,25
12.155,15.02	,0110110,26
12.232,14.845	,0110110,27
12.303,15.095	,0110110,28
12.356,14.823	,0110110,29
12.401,15.46	,0110110,30
12.408,15.237	,0110110,31
12.422,15.918	,0110110,32
12.423,15.318	,0110110,33
12.429,15.412	,0110110,34
12.465,14.83	,0110110,35
12.487,16.299	,0110110,36
12.493,15.982	,0110110,37
12.519,15.94	,0110110,38
12.538,15.672	,0110110,39
12.539,16.106	,0110110,40
12.601,16.224	,0110110,41
12.621,15.535	,0110110,42
12.635,16.179	,0110110,43
12.679,14.996	,0110110,44
12.712,15.528	,0110110,45
12.73,15.015	,0110110,46
11.284,17.522	,0110111,0
11.296,19.713	,0110111,1
11.314,17.494	,0110111,2
11.325,17.134	,0110111,3
11.35,18.632	,0110111,4
11.358,17.09	,0110111,5
11.405,17.499	,0110111,6
11.44,16.387	,0110111,7
11.465,16.627	,0110111,8
11.471,17.219	,0110111,9
11.501,17.019	,0110111,10
11.501,19.303	,0110111,11
11.502,16.57	,0110111,12
11.524,17.248	,0110111,13
11.533,16.852	,0110111,14
11.574,19.646	,0110111,15
11.617,18.134	,0110111,16
11.66,16.484	,0110111,17
11.672,16.574	,0110111,18
11.748,16.905	,0110111,19
11.759,16.583	,0110111,20
11.772,17.441	,0110111,21
11.772,17.714	,0110111,22
11.835,21.307	,0110111,23
11.838,20.107	,0110111,24
11.859,18.616	,0110111,25
11.92,17.138	,0110111,26
11.932,18.615	,0110111,27
11.938,17.652	,0110111,28
11.94,17.122	,0110111,29
11.996,18.673	,0110111,30
12.019,16.662	,0110111,31
12.037,18.971	,0110111,32
12.047,17.243	,0110111,33
12.138,17.189	,0110111,34
12.147,16.404	,0110111,35
12.199,17.022	,0110111,36
12.221,19.89	,0110111,37
12.318,16.495	,0110111,38
12.374,17.089	,0110111,39
12.375,17.551	,0110111,40
12.441,16.901	,0110111,41
12.551,16.527	,0110111,42
12.553,16.483	,0110111,43
12.588,19.145	,0110111,44
12.708,19.016	,0110111,45
12.737,17.899	,0110111,46
13.221,11.321	,0111000,0
13.225,11.282	,0111000,1
13.26,11.317	,0111000,2
13.34,11.223	,0111000,3
13.396,11.336	,0111000,4
13.502,11.094	,0111000,5
13.524,11.254	,0111000,6
13.675,11.362	,0111000,7
13.735,11.272	,0111000,8
13.792,11.209	,0111000,9
13.84,11.192	,0111000,10
13.894,11.664	,0111000,11
13.929,11.32	,0111000,12
13.967,11.296	,0111000,13
14.114,11.602	,0111000,14
14.115,11.226	,0111000,15
14.241,11.12	,0111000,16
14.303,11.489	,0111000,17
14.335,11.074	,0111000,18
14.336,11.335	,0111000,19
14.353,11.539	,0111000,20
14.396,11.236	,0111000,21
14.404,11.13	,0111000,22
14.47,11.686	,0111000,23
14.471,11.206	,0111000,24
14.505,11.284	,0111000,25
14.547,11.248	,0111000,26
14.605,11.47	,0111000,27
14.723,11.2	,0111000,28
14.731,11.375	,0111000,29
14.739,11.341	,0111000,30
14.758,11.663	,0111000,31
14.788,11.383	,0111000,32
14.838,11.194	,0111000,33
14.844,11.588	,0111000,34
14.891,11.159	,0111000,35
14.93,11.679	,0111000,36
14.933,11.463	,0111000,37
14.974,11.171	,0111000,38
14.999,11.398	,0111000,39
15.045,11.2	,0111000,40
15.09,11.171	,0111000,41
15.126,11.54	,0111000,42
15.139,11.486	,0111000,43
15.162,11.552	,0111000,44
15.195,11.415	,0111000,45
12.843,11.756	,0111001,0
12.904,11.912	,0111001,1
12.938,11.824	,0111001,2
13.006,11.691	,0111001,3
13.015,12.419	,0111001,4
13.105,12.444	,0111001,5
13.139,11.846	,0111001,6
13.144,11.75	,0111001,7
13.15,12.557	,0111001,8
13.211,11.784	,0111001,9
13.307,12.102	,0111001,10
13.341,11.874	,0111001,11
13.361,12.111	,0111001,12
13.435,12.348	,0111001,13
13.578,12.165	,0111001,14
13.667,12.392	,0111001,15
13.736,11.95	,0111001,16
13.801,12.581	,0111001,17
13.897,12.138	,0111001,18
13.929,12.482	,0111001,19
14.093,11.989	,0111001,20
14.12,11.889	,0111001,21
14.124,12.059	,0111001,22
14.125,12.452	,0111001,23
14.138,12.512	,0111001,24
14.252,11.742	,0111001,25
14.291,11.852	,0111001,26
14.358,12.249	,0111001,27
14.363,12.372	,0111001,28
14.396,12.135	,0111001,29
14.422,12.335	,0111001,30
14.451,12.27	,0111001,31
14.575,12.233	,0111001,32
14.608,11.757	,0111001,33
14.667,12.51	,0111001,34
14.737,11.723	,0111001,35
14.801,12.162	,0111001,36
14.831,12.37	,0111001,37
14.879,12.161	,0111001,38
14.884,11.709	,0111001,39
14.884,12.24	,0111001,40
14.888,12.252	,0111001,41
14.899,11.733	,0111001,42
14.929,12.393	,0111001,43
14.991,12.438	,0111001,44
15.12,12.277	,0111001,45
15.14,11.828	,0111001,46
15.256,11.108	,0111010,0
15.312,11.116	,0111010,1
15.334,11.329	,0111010,2
15.531,11.386	,0111010,3
15.651,11.43	,0111010,4
15.664,11.486	,0111010,5
15.799,11.519	,0111010,6
15.857,11.44	,0111010,7
15.868,11.289	,0111010,8
15.939,11.341	,0111010,9
15.949,11.506	,0111010,10
15.999,11.4	,0111010,11
16.176,11.132	,0111010,12
16.196,11.329	,0111010,13
16.226,11.282	,0111010,14
16.226,11.649	,0111010,15
16.252,11.512	,0111010,16
16.355,11.212	,0111010,17
16.365,11.285	,0111010,18
16.427,11.555	,0111010,19
16.436,11.293	,0111010,20
16.648,11.357	,0111010,21
16.753,11.147	,0111010,22
16.795,11.651	,0111010,23
16.893,11.221	,0111010,24
16.938,11.705	,0111010,25
17.083,11.247	,0111010,26
17.084,11.211	,0111010,27
17.309,11.349	,0111010,28
17.512,11.419	,0111010,29
17.571,11.125	,0111010,30
17.596,11.174	,0111010,31
17.601,11.168	,0111010,32
17.673,11.355	,0111010,33
17.686,11.29	,0111010,34
17.702,11.53	,0111010,35
17.735,11.134	,0111010,36
17.844,11.692	,0111010,37
17.897,11.33	,0111010,38
17.921,11.318	,0111010,39
18.125,11.206	,0111010,40
18.196,11.604	,0111010,41
18.439,11.193	,0111010,42
18.617,11.101	,0111010,43
18.81,11.453	,0111010,44
18.894,11.205	,0111010,45
20.006,11.238	,0111010,46
15.319,12.326	,0111011,0
15.376,12.379	,0111011,1
15.378,12.146	,0111011,2
15.428,12.012	,0111011,3
15.439,11.888	,0111011,4
15.443,12.009	,0111011,5
15.463,12.175	,0111011,6
15.497,11.891	,0111011,7
15.513,12.458	,0111011,8
15.546,12.313	,0111011,9
15.55,11.776	,0111011,10
15.73,12.053	,0111011,11
15.73,12.34	,0111011,12
15.909,11.795	,0111011,13
15.969,11.879	,0111011,14
15.98,11.829	,0111011,15
16.021,12.583	,0111011,16
16.048,12.059	,0111011,17
16.073,12.036	,0111011,18
16.082,11.743	,0111011,19
16.109,11.706	,0111011,20
16.147,12.041	,0111011,21
16.201,11.812	,0111011,22
16.244,11.836	,0111011,23
16.321,12.559	,0111011,24
16.446,11.993	,0111011,25
16.447,12.216	,0111011,26
16.568,11.746	,0111011,27
16.582,12.165	,0111011,28
16.584,11.733	,0111011,29
16.61,12.229	,0111011,30
16.671,11.832	,0111011,31
16.746,11.788	,0111011,32
16.94,12.083	,0111011,33
17.234,12.367	,0111011,34
17.308,11.883	,0111011,35
17.394,11.745	,0111011,36
17.495,12.354	,0111011,37
17.508,12.237	,0111011,38
17.513,12.106	,0111011,39
17.537,11.877	,0111011,40
17.671,12.283	,0111011,41
17.794,12.434	,0111011,42
18.06,12.282	,0111011,43
18.435,12.563	,0111011,44
18.723,12.19	,0111011,45
19.117,12.295	,0111011,46
12.832,15.178	,0111100,0
12.838,13.058	,0111100,1
12.859,14.027	,0111100,2
12.961,12.853	,0111100,3
12.969,13.366	,0111100,4
12.999,13.979	,0111100,5
13.045,13.362	,0111100,6
13.111,15.084	,0111100,7
13.166,14.3	,0111100,8
13.187,13.234	,0111100,9
13.197,14.654	,0111100,10
13.23,13.129	,0111100,11
13.297,13.64	,0111100,12
13.361,14.488	,0111100,13
13.386,12.641	,0111100,14
13.399,14.614	,0111100,15
13.423,15.212	,0111100,16
13.444,14.062	,0111100,17
13.486,12.619	,0111100,18
13.516,13.243	,0111100,19
13.531,14.685	,0111100,20
13.578,14.996	,0111100,21
13.587,14.416	,0111100,22
13.601,13.127	,0111100,23
13.677,15.274	,0111100,24
13.724,14.705	,0111100,25
13.735,13.379	,0111100,26
13.796,14.657	,0111100,27
13.801,14.497	,0111100,28
13.836,15.214	,0111100,29
13.847,12.91	,0111100,30
13.862,12.918	,0111100,31
13.872,13.414	,0111100,32
13.891,13.085	,0111100,33
14.013,13.929	,0111100,34
14.029,14.23	,0111100,35
14.098,13.342	,0111100,36
14.118,14.025	,0111100,37
14.144,12.788	,0111100,38
14.168,13.02	,0111100,39
14.196,14.456	,0111100,40
14.217,12.728	,0111100,41
14.219,14.474	,0111100,42
14.285,13.312	,0111100,43
14.318,13.711	,0111100,44
14.324,13.08	,0111100,45
14.355,15.091	,0111100,46
12.8,15.7	,0111101,0
12.826,15.701	,0111101,1
12.826,17.307	,0111101,2
12.828,16.653	,0111101,3
12.867,18.798	,0111101,4
12.884,15.568	,0111101,5
12.932,17.137	,0111101,6
12.996,20.078	,0111101,7
13.055,17.883	,0111101,8
13.058,15.925	,0111101,9
13.072,17.74	,0111101,10
13.077,16.739	,0111101,11
13.077,17.579	,0111101,12
13.107,17.298	,0111101,13
13.149,16.378	,0111101,14
13.172,16.272	,0111101,15
13.179,16.438	,0111101,16
13.185,16.43	,0111101,17
13.261,20.951	,0111101,18
13.271,17.796	,0111101,19
13.274,16.66	,0111101,20
13.289,16.58	,0111101,21
13.309,16.874	,0111101,22
13.35,16.389	,0111101,23
13.422,17.981	,0111101,24
13.459,19.416	,0111101,25
13.483,17.073	,0111101,26
13.548,16.629	,0111101,27
13.578,16.614	,0111101,28
13.678,15.505	,0111101,29
13.748,17.794	,0111101,30
13.763,15.458	,0111101,31
13.764,15.794	,0111101,32
13.78,15.685	,0111101,33
13.827,16.477	,0111101,34
13.914,16.964	,0111101,35
14.058,18.88	,0111101,36
14.101,16.115	,0111101,37
14.119,18.498	,0111101,38
14.154,15.534	,0111101,39
14.207,18.139	,0111101,40
14.213,16.462	,0111101,41
14.241,16.041	,0111101,42
14.256,16.293	,0111101,43
14.294,15.958	,0111101,44
14.297,15.365	,0111101,45
14.341,16.028	,0111101,46
14.364,13.398	,0111110,0
14.53,13.048	,0111110,1
14.559,12.715	,0111110,2
14.563,12.904	,0111110,3
14.569,13.584	,0111110,4
14.702,12.635	,0111110,5
14.794,12.964	,0111110,6
14.832,13.71	,0111110,7
14.949,13.444	,0111110,8
14.971,12.813	,0111110,9
15.048,12.952	,0111110,10
15.111,12.752	,0111110,11
15.236,12.716	,0111110,12
15.322,12.725	,0111110,13
15.38,13.653	,0111110,14
15.385,13.688	,0111110,15
15.416,12.764	,0111110,16
15.421,12.983	,0111110,17
15.478,13.403	,0111110,18
15.493,13.652	,0111110,19
15.541,12.651	,0111110,20
15.609,12.624	,0111110,21
15.627,13.057	,0111110,22
15.638,12.719	,0111110,23
15.672,13.485	,0111110,24
15.728,12.86	,0111110,25
15.788,12.712	,0111110,26
15.83,12.83	,0111110,27
15.964,13.169	,0111110,28
15.982,12.62	,0111110,29
16.006,12.591	,0111110,30
16.102,12.965	,0111110,31
16.226,13.513	,0111110,32
16.285,13.793	,0111110,33
16.518,12.952	,0111110,34
16.577,12.952	,0111110,35
16.629,12.999	,0111110,36
16.663,13.242	,0111110,37
17.113,13.384	,0111110,38
17.152,13.62	,0111110,39
17.211,13.279	,0111110,40
17.341,13.101	,0111110,41
17.824,13.605	,0111110,42
18.314,13.168	,0111110,43
18.363,12.856	,0111110,44
18.595,13.562	,0111110,45
20.31,13.098	,0111110,46
14.38,15.389	,0111111,0
14.39,14.336	,0111111,1
14.403,19.362	,0111111,2
14.423,13.936	,0111111,3
14.43,16.348	,0111111,4
14.443,14.258	,0111111,5
14.553,14.582	,0111111,6
14.556,14.716	,0111111,7
14.56,17.682	,0111111,8
14.592,15.572	,0111111,9
14.593,14.441	,0111111,10
14.646,14.268	,0111111,11
14.666,16.779	,0111111,12
14.709,14.847	,0111111,13
14.759,13.897	,0111111,14
14.769,16.476	,0111111,15
14.887,13.983	,0111111,16
14.975,13.917	,0111111,17
15.025,20.961	,0111111,18
15.03,14.291	,0111111,19
15.042,17.811	,0111111,20
15.29,16.244	,0111111,21
15.528,15.654	,0111111,22
15.678,13.943	,0111111,23
15.747,14.425	,0111111,24
15.824,14.726	,0111111,25
15.878,14.447	,0111111,26
15.924,16.138	,0111111,27
16.058,13.848	,0111111,28
16.067,15.908	,0111111,29
16.107,16.198	,0111111,30
16.131,16.516	,0111111,31
16.271,14.028	,0111111,32
16.314,14.632	,0111111,33
16.434,19.729	,0111111,34
16.498,15.15	,0111111,35
16.501,14.17	,0111111,36
16.503,18.794	,0111111,37
16.806,15.482	,0111111,38
16.813,13.993	,0111111,39
16.862,14.16	,0111111,40
17.185,15.95	,0111111,41
17.446,14.146	,0111111,42
17.593,15.122	,0111111,43
17.662,14.859	,0111111,44
19.103,14.867	,0111111,45
20.253,13.861	,0111111,46
